edition	version	module	ordinal	name
classic	1.00	Bnclient.dll	1	QueryInterface
classic	1.00_Beta	Bnclient.dll	1	QueryInterface
classic	1.01	Bnclient.dll	1	QueryInterface
classic	1.02	Bnclient.dll	1	QueryInterface
classic	1.03	Bnclient.dll	1	QueryInterface
classic	1.04b	Bnclient.dll	1	??4BNGatewayAccess@@QAEAAV0@ABV0@@Z
classic	1.04b	Bnclient.dll	2	?CurGateway@BNGatewayAccess@@QAGHXZ
classic	1.04b	Bnclient.dll	3	?DNS@BNGatewayAccess@@QAGPADH@Z
classic	1.04b	Bnclient.dll	4	?FindKey@BNGatewayAccess@@AAEPADPAD0@Z
classic	1.04b	Bnclient.dll	5	?FindSection@BNGatewayAccess@@AAEPADPAD0@Z
classic	1.04b	Bnclient.dll	6	?GMT@BNGatewayAccess@@QAGHH@Z
classic	1.04b	Bnclient.dll	7	?GetBattlenetGatewayList@BNGatewayAccess@@AAEXXZ
classic	1.04b	Bnclient.dll	8	?GetBattlenetRealmsList@BNGatewayAccess@@AAEXXZ
classic	1.04b	Bnclient.dll	9	?GetGatewayList@BNGatewayAccess@@AAEXPBD@Z
classic	1.04b	Bnclient.dll	10	?GetSystemTimeZone@BNGatewayAccess@@AAEHXZ
classic	1.04b	Bnclient.dll	11	?Load@BNGatewayAccess@@QAGXXZ
classic	1.04b	Bnclient.dll	12	?Name@BNGatewayAccess@@QAGPADH@Z
classic	1.04b	Bnclient.dll	13	?Nth@BNGatewayAccess@@AAEPADH@Z
classic	1.04b	Bnclient.dll	14	?NumGateways@BNGatewayAccess@@QAGHXZ
classic	1.04b	Bnclient.dll	15	?PickClosestZone@BNGatewayAccess@@AAEXH@Z
classic	1.04b	Bnclient.dll	16	?Realm@BNGatewayAccess@@QAGPADH@Z
classic	1.04b	Bnclient.dll	17	?SetCurGateway@BNGatewayAccess@@QAGXH@Z
classic	1.04b	Bnclient.dll	18	?SkipEOL@BNGatewayAccess@@AAEPADPAD0@Z
classic	1.04b	Bnclient.dll	19	?SkipToEOL@BNGatewayAccess@@AAEPADPAD0@Z
classic	1.04b	Bnclient.dll	20	?Unload@BNGatewayAccess@@QAGXXZ
classic	1.04b	Bnclient.dll	21	?UpdateGatewaysFromIni@BNGatewayAccess@@QAGXPAD@Z
classic	1.04b	Bnclient.dll	22	?WriteDefaultGatewayList@BNGatewayAccess@@AAEXXZ
classic	1.04b	Bnclient.dll	23	QueryInterface
classic	1.04c	Bnclient.dll	1	??4BNGatewayAccess@@QAEAAV0@ABV0@@Z
classic	1.04c	Bnclient.dll	2	?CurGateway@BNGatewayAccess@@QAGHXZ
classic	1.04c	Bnclient.dll	3	?DNS@BNGatewayAccess@@QAGPADH@Z
classic	1.04c	Bnclient.dll	4	?FindKey@BNGatewayAccess@@AAEPADPAD0@Z
classic	1.04c	Bnclient.dll	5	?FindSection@BNGatewayAccess@@AAEPADPAD0@Z
classic	1.04c	Bnclient.dll	6	?GMT@BNGatewayAccess@@QAGHH@Z
classic	1.04c	Bnclient.dll	7	?GetBattlenetGatewayList@BNGatewayAccess@@AAEXXZ
classic	1.04c	Bnclient.dll	8	?GetBattlenetRealmsList@BNGatewayAccess@@AAEXXZ
classic	1.04c	Bnclient.dll	9	?GetGatewayList@BNGatewayAccess@@AAEXPBD@Z
classic	1.04c	Bnclient.dll	10	?GetSystemTimeZone@BNGatewayAccess@@AAEHXZ
classic	1.04c	Bnclient.dll	11	?Load@BNGatewayAccess@@QAGXXZ
classic	1.04c	Bnclient.dll	12	?Name@BNGatewayAccess@@QAGPADH@Z
classic	1.04c	Bnclient.dll	13	?Nth@BNGatewayAccess@@AAEPADH@Z
classic	1.04c	Bnclient.dll	14	?NumGateways@BNGatewayAccess@@QAGHXZ
classic	1.04c	Bnclient.dll	15	?PickClosestZone@BNGatewayAccess@@AAEXH@Z
classic	1.04c	Bnclient.dll	16	?Realm@BNGatewayAccess@@QAGPADH@Z
classic	1.04c	Bnclient.dll	17	?SetCurGateway@BNGatewayAccess@@QAGXH@Z
classic	1.04c	Bnclient.dll	18	?SkipEOL@BNGatewayAccess@@AAEPADPAD0@Z
classic	1.04c	Bnclient.dll	19	?SkipToEOL@BNGatewayAccess@@AAEPADPAD0@Z
classic	1.04c	Bnclient.dll	20	?Unload@BNGatewayAccess@@QAGXXZ
classic	1.04c	Bnclient.dll	21	?UpdateGatewaysFromIni@BNGatewayAccess@@QAGXPAD@Z
classic	1.04c	Bnclient.dll	22	?WriteDefaultGatewayList@BNGatewayAccess@@AAEXXZ
classic	1.04c	Bnclient.dll	23	QueryInterface
classic	1.05	Bnclient.dll	1	??4BNGatewayAccess@@QAEAAV0@ABV0@@Z
classic	1.05	Bnclient.dll	2	?CurGateway@BNGatewayAccess@@QAGHXZ
classic	1.05	Bnclient.dll	3	?DNS@BNGatewayAccess@@QAGPADH@Z
classic	1.05	Bnclient.dll	4	?FindKey@BNGatewayAccess@@AAEPADPAD0@Z
classic	1.05	Bnclient.dll	5	?FindSection@BNGatewayAccess@@AAEPADPAD0@Z
classic	1.05	Bnclient.dll	6	?GMT@BNGatewayAccess@@QAGHH@Z
classic	1.05	Bnclient.dll	7	?GetBattlenetGatewayList@BNGatewayAccess@@AAEXXZ
classic	1.05	Bnclient.dll	8	?GetBattlenetRealmsList@BNGatewayAccess@@AAEXXZ
classic	1.05	Bnclient.dll	9	?GetGatewayList@BNGatewayAccess@@AAEXPBD@Z
classic	1.05	Bnclient.dll	10	?GetSystemTimeZone@BNGatewayAccess@@AAEHXZ
classic	1.05	Bnclient.dll	11	?Load@BNGatewayAccess@@QAGXXZ
classic	1.05	Bnclient.dll	12	?Name@BNGatewayAccess@@QAGPADH@Z
classic	1.05	Bnclient.dll	13	?Nth@BNGatewayAccess@@AAEPADH@Z
classic	1.05	Bnclient.dll	14	?NumGateways@BNGatewayAccess@@QAGHXZ
classic	1.05	Bnclient.dll	15	?PickClosestZone@BNGatewayAccess@@AAEXH@Z
classic	1.05	Bnclient.dll	16	?Realm@BNGatewayAccess@@QAGPADH@Z
classic	1.05	Bnclient.dll	17	?SetCurGateway@BNGatewayAccess@@QAGXH@Z
classic	1.05	Bnclient.dll	18	?SkipEOL@BNGatewayAccess@@AAEPADPAD0@Z
classic	1.05	Bnclient.dll	19	?SkipToEOL@BNGatewayAccess@@AAEPADPAD0@Z
classic	1.05	Bnclient.dll	20	?Unload@BNGatewayAccess@@QAGXXZ
classic	1.05	Bnclient.dll	21	?UpdateGatewaysFromIni@BNGatewayAccess@@QAGXPAD@Z
classic	1.05	Bnclient.dll	22	?WriteDefaultGatewayList@BNGatewayAccess@@AAEXXZ
classic	1.05	Bnclient.dll	23	QueryInterface
classic	1.05b	Bnclient.dll	1	??4BNGatewayAccess@@QAEAAV0@ABV0@@Z
classic	1.05b	Bnclient.dll	2	?CurGateway@BNGatewayAccess@@QAGHXZ
classic	1.05b	Bnclient.dll	3	?DNS@BNGatewayAccess@@QAGPADH@Z
classic	1.05b	Bnclient.dll	4	?FindKey@BNGatewayAccess@@AAEPADPAD0@Z
classic	1.05b	Bnclient.dll	5	?FindSection@BNGatewayAccess@@AAEPADPAD0@Z
classic	1.05b	Bnclient.dll	6	?GMT@BNGatewayAccess@@QAGHH@Z
classic	1.05b	Bnclient.dll	7	?GetBattlenetGatewayList@BNGatewayAccess@@AAEXXZ
classic	1.05b	Bnclient.dll	8	?GetBattlenetRealmsList@BNGatewayAccess@@AAEXXZ
classic	1.05b	Bnclient.dll	9	?GetGatewayList@BNGatewayAccess@@AAEXPBD@Z
classic	1.05b	Bnclient.dll	10	?GetSystemTimeZone@BNGatewayAccess@@AAEHXZ
classic	1.05b	Bnclient.dll	11	?Load@BNGatewayAccess@@QAGXXZ
classic	1.05b	Bnclient.dll	12	?Name@BNGatewayAccess@@QAGPADH@Z
classic	1.05b	Bnclient.dll	13	?Nth@BNGatewayAccess@@AAEPADH@Z
classic	1.05b	Bnclient.dll	14	?NumGateways@BNGatewayAccess@@QAGHXZ
classic	1.05b	Bnclient.dll	15	?PickClosestZone@BNGatewayAccess@@AAEXH@Z
classic	1.05b	Bnclient.dll	16	?Realm@BNGatewayAccess@@QAGPADH@Z
classic	1.05b	Bnclient.dll	17	?SetCurGateway@BNGatewayAccess@@QAGXH@Z
classic	1.05b	Bnclient.dll	18	?SkipEOL@BNGatewayAccess@@AAEPADPAD0@Z
classic	1.05b	Bnclient.dll	19	?SkipToEOL@BNGatewayAccess@@AAEPADPAD0@Z
classic	1.05b	Bnclient.dll	20	?Unload@BNGatewayAccess@@QAGXXZ
classic	1.05b	Bnclient.dll	21	?UpdateGatewaysFromIni@BNGatewayAccess@@QAGXPAD@Z
classic	1.05b	Bnclient.dll	22	?WriteDefaultGatewayList@BNGatewayAccess@@AAEXXZ
classic	1.05b	Bnclient.dll	23	QueryInterface
classic	1.06	Bnclient.dll	1	??4BNGatewayAccess@@QAEAAV0@ABV0@@Z
classic	1.06	Bnclient.dll	2	?CurGateway@BNGatewayAccess@@QAGHXZ
classic	1.06	Bnclient.dll	3	?DNS@BNGatewayAccess@@QAGPADH@Z
classic	1.06	Bnclient.dll	4	?FindKey@BNGatewayAccess@@AAEPADPAD0@Z
classic	1.06	Bnclient.dll	5	?FindSection@BNGatewayAccess@@AAEPADPAD0@Z
classic	1.06	Bnclient.dll	6	?GMT@BNGatewayAccess@@QAGHH@Z
classic	1.06	Bnclient.dll	7	?GetBattlenetGatewayList@BNGatewayAccess@@AAEXXZ
classic	1.06	Bnclient.dll	8	?GetBattlenetRealmsList@BNGatewayAccess@@AAEXXZ
classic	1.06	Bnclient.dll	9	?GetGatewayList@BNGatewayAccess@@AAEXPBD@Z
classic	1.06	Bnclient.dll	10	?GetSystemTimeZone@BNGatewayAccess@@AAEHXZ
classic	1.06	Bnclient.dll	11	?Load@BNGatewayAccess@@QAGXXZ
classic	1.06	Bnclient.dll	12	?Name@BNGatewayAccess@@QAGPADH@Z
classic	1.06	Bnclient.dll	13	?Nth@BNGatewayAccess@@AAEPADH@Z
classic	1.06	Bnclient.dll	14	?NumGateways@BNGatewayAccess@@QAGHXZ
classic	1.06	Bnclient.dll	15	?PickClosestZone@BNGatewayAccess@@AAEXH@Z
classic	1.06	Bnclient.dll	16	?Realm@BNGatewayAccess@@QAGPADH@Z
classic	1.06	Bnclient.dll	17	?SetCurGateway@BNGatewayAccess@@QAGXH@Z
classic	1.06	Bnclient.dll	18	?SkipEOL@BNGatewayAccess@@AAEPADPAD0@Z
classic	1.06	Bnclient.dll	19	?SkipToEOL@BNGatewayAccess@@AAEPADPAD0@Z
classic	1.06	Bnclient.dll	20	?Unload@BNGatewayAccess@@QAGXXZ
classic	1.06	Bnclient.dll	21	?UpdateGatewaysFromIni@BNGatewayAccess@@QAGXPAD@Z
classic	1.06	Bnclient.dll	22	?WriteDefaultGatewayList@BNGatewayAccess@@AAEXXZ
classic	1.06	Bnclient.dll	23	QueryInterface
classic	1.06b	Bnclient.dll	1	??4BNGatewayAccess@@QAEAAV0@ABV0@@Z
classic	1.06b	Bnclient.dll	2	?CurGateway@BNGatewayAccess@@QAGHXZ
classic	1.06b	Bnclient.dll	3	?DNS@BNGatewayAccess@@QAGPADH@Z
classic	1.06b	Bnclient.dll	4	?FindKey@BNGatewayAccess@@AAEPADPAD0@Z
classic	1.06b	Bnclient.dll	5	?FindSection@BNGatewayAccess@@AAEPADPAD0@Z
classic	1.06b	Bnclient.dll	6	?GMT@BNGatewayAccess@@QAGHH@Z
classic	1.06b	Bnclient.dll	7	?GetBattlenetGatewayList@BNGatewayAccess@@AAEXXZ
classic	1.06b	Bnclient.dll	8	?GetBattlenetRealmsList@BNGatewayAccess@@AAEXXZ
classic	1.06b	Bnclient.dll	9	?GetGatewayList@BNGatewayAccess@@AAEXPBD@Z
classic	1.06b	Bnclient.dll	10	?GetSystemTimeZone@BNGatewayAccess@@AAEHXZ
classic	1.06b	Bnclient.dll	11	?Load@BNGatewayAccess@@QAGXXZ
classic	1.06b	Bnclient.dll	12	?Name@BNGatewayAccess@@QAGPADH@Z
classic	1.06b	Bnclient.dll	13	?Nth@BNGatewayAccess@@AAEPADH@Z
classic	1.06b	Bnclient.dll	14	?NumGateways@BNGatewayAccess@@QAGHXZ
classic	1.06b	Bnclient.dll	15	?PickClosestZone@BNGatewayAccess@@AAEXH@Z
classic	1.06b	Bnclient.dll	16	?Realm@BNGatewayAccess@@QAGPADH@Z
classic	1.06b	Bnclient.dll	17	?SetCurGateway@BNGatewayAccess@@QAGXH@Z
classic	1.06b	Bnclient.dll	18	?SkipEOL@BNGatewayAccess@@AAEPADPAD0@Z
classic	1.06b	Bnclient.dll	19	?SkipToEOL@BNGatewayAccess@@AAEPADPAD0@Z
classic	1.06b	Bnclient.dll	20	?Unload@BNGatewayAccess@@QAGXXZ
classic	1.06b	Bnclient.dll	21	?UpdateGatewaysFromIni@BNGatewayAccess@@QAGXPAD@Z
classic	1.06b	Bnclient.dll	22	?WriteDefaultGatewayList@BNGatewayAccess@@AAEXXZ
classic	1.06b	Bnclient.dll	23	QueryInterface
classic	1.08	Bnclient.dll	1	??4BNGatewayAccess@@QAEAAV0@ABV0@@Z
classic	1.08	Bnclient.dll	2	?CurGateway@BNGatewayAccess@@QAGHXZ
classic	1.08	Bnclient.dll	3	?DNS@BNGatewayAccess@@QAGPADH@Z
classic	1.08	Bnclient.dll	4	?FindKey@BNGatewayAccess@@AAEPADPAD0@Z
classic	1.08	Bnclient.dll	5	?FindSection@BNGatewayAccess@@AAEPADPAD0@Z
classic	1.08	Bnclient.dll	6	?GMT@BNGatewayAccess@@QAGHH@Z
classic	1.08	Bnclient.dll	7	?GetBattlenetGatewayList@BNGatewayAccess@@AAEXXZ
classic	1.08	Bnclient.dll	8	?GetBattlenetRealmsList@BNGatewayAccess@@AAEXXZ
classic	1.08	Bnclient.dll	9	?GetGatewayList@BNGatewayAccess@@AAEXPBD@Z
classic	1.08	Bnclient.dll	10	?GetSystemTimeZone@BNGatewayAccess@@AAEHXZ
classic	1.08	Bnclient.dll	11	?Load@BNGatewayAccess@@QAGXXZ
classic	1.08	Bnclient.dll	12	?Name@BNGatewayAccess@@QAGPADH@Z
classic	1.08	Bnclient.dll	13	?Nth@BNGatewayAccess@@AAEPADH@Z
classic	1.08	Bnclient.dll	14	?NumGateways@BNGatewayAccess@@QAGHXZ
classic	1.08	Bnclient.dll	15	?PickClosestZone@BNGatewayAccess@@AAEXH@Z
classic	1.08	Bnclient.dll	16	?Realm@BNGatewayAccess@@QAGPADH@Z
classic	1.08	Bnclient.dll	17	?SetCurGateway@BNGatewayAccess@@QAGXH@Z
classic	1.08	Bnclient.dll	18	?SkipEOL@BNGatewayAccess@@AAEPADPAD0@Z
classic	1.08	Bnclient.dll	19	?SkipToEOL@BNGatewayAccess@@AAEPADPAD0@Z
classic	1.08	Bnclient.dll	20	?Unload@BNGatewayAccess@@QAGXXZ
classic	1.08	Bnclient.dll	21	?UpdateGatewaysFromIni@BNGatewayAccess@@QAGXPAD@Z
classic	1.08	Bnclient.dll	22	?WriteDefaultGatewayList@BNGatewayAccess@@AAEXXZ
classic	1.08	Bnclient.dll	23	QueryInterface
classic	1.09	Bnclient.dll	1	??4BNGatewayAccess@@QAEAAV0@ABV0@@Z
classic	1.09	Bnclient.dll	2	?CurGateway@BNGatewayAccess@@QAGHXZ
classic	1.09	Bnclient.dll	3	?DNS@BNGatewayAccess@@QAGPADH@Z
classic	1.09	Bnclient.dll	4	?FindKey@BNGatewayAccess@@AAEPADPAD0@Z
classic	1.09	Bnclient.dll	5	?FindSection@BNGatewayAccess@@AAEPADPAD0@Z
classic	1.09	Bnclient.dll	6	?GMT@BNGatewayAccess@@QAGHH@Z
classic	1.09	Bnclient.dll	7	?GetBattlenetGatewayList@BNGatewayAccess@@AAEXXZ
classic	1.09	Bnclient.dll	8	?GetBattlenetRealmsList@BNGatewayAccess@@AAEXXZ
classic	1.09	Bnclient.dll	9	?GetGatewayList@BNGatewayAccess@@AAEXPBD@Z
classic	1.09	Bnclient.dll	10	?GetSystemTimeZone@BNGatewayAccess@@AAEHXZ
classic	1.09	Bnclient.dll	11	?Load@BNGatewayAccess@@QAGXXZ
classic	1.09	Bnclient.dll	12	?Name@BNGatewayAccess@@QAGPADH@Z
classic	1.09	Bnclient.dll	13	?Nth@BNGatewayAccess@@AAEPADH@Z
classic	1.09	Bnclient.dll	14	?NumGateways@BNGatewayAccess@@QAGHXZ
classic	1.09	Bnclient.dll	15	?PickClosestZone@BNGatewayAccess@@AAEXH@Z
classic	1.09	Bnclient.dll	16	?Realm@BNGatewayAccess@@QAGPADH@Z
classic	1.09	Bnclient.dll	17	?SetCurGateway@BNGatewayAccess@@QAGXH@Z
classic	1.09	Bnclient.dll	18	?SkipEOL@BNGatewayAccess@@AAEPADPAD0@Z
classic	1.09	Bnclient.dll	19	?SkipToEOL@BNGatewayAccess@@AAEPADPAD0@Z
classic	1.09	Bnclient.dll	20	?Unload@BNGatewayAccess@@QAGXXZ
classic	1.09	Bnclient.dll	21	?UpdateGatewaysFromIni@BNGatewayAccess@@QAGXPAD@Z
classic	1.09	Bnclient.dll	22	?WriteDefaultGatewayList@BNGatewayAccess@@AAEXXZ
classic	1.09	Bnclient.dll	23	QueryInterface
classic	1.09b	Bnclient.dll	1	??4BNGatewayAccess@@QAEAAV0@ABV0@@Z
classic	1.09b	Bnclient.dll	2	?CurGateway@BNGatewayAccess@@QAGHXZ
classic	1.09b	Bnclient.dll	3	?DNS@BNGatewayAccess@@QAGPADH@Z
classic	1.09b	Bnclient.dll	4	?FindKey@BNGatewayAccess@@AAEPADPAD0@Z
classic	1.09b	Bnclient.dll	5	?FindSection@BNGatewayAccess@@AAEPADPAD0@Z
classic	1.09b	Bnclient.dll	6	?GMT@BNGatewayAccess@@QAGHH@Z
classic	1.09b	Bnclient.dll	7	?GetBattlenetGatewayList@BNGatewayAccess@@AAEXXZ
classic	1.09b	Bnclient.dll	8	?GetBattlenetRealmsList@BNGatewayAccess@@AAEXXZ
classic	1.09b	Bnclient.dll	9	?GetGatewayList@BNGatewayAccess@@AAEXPBD@Z
classic	1.09b	Bnclient.dll	10	?GetSystemTimeZone@BNGatewayAccess@@AAEHXZ
classic	1.09b	Bnclient.dll	11	?Load@BNGatewayAccess@@QAGXXZ
classic	1.09b	Bnclient.dll	12	?Name@BNGatewayAccess@@QAGPADH@Z
classic	1.09b	Bnclient.dll	13	?Nth@BNGatewayAccess@@AAEPADH@Z
classic	1.09b	Bnclient.dll	14	?NumGateways@BNGatewayAccess@@QAGHXZ
classic	1.09b	Bnclient.dll	15	?PickClosestZone@BNGatewayAccess@@AAEXH@Z
classic	1.09b	Bnclient.dll	16	?Realm@BNGatewayAccess@@QAGPADH@Z
classic	1.09b	Bnclient.dll	17	?SetCurGateway@BNGatewayAccess@@QAGXH@Z
classic	1.09b	Bnclient.dll	18	?SkipEOL@BNGatewayAccess@@AAEPADPAD0@Z
classic	1.09b	Bnclient.dll	19	?SkipToEOL@BNGatewayAccess@@AAEPADPAD0@Z
classic	1.09b	Bnclient.dll	20	?Unload@BNGatewayAccess@@QAGXXZ
classic	1.09b	Bnclient.dll	21	?UpdateGatewaysFromIni@BNGatewayAccess@@QAGXPAD@Z
classic	1.09b	Bnclient.dll	22	?WriteDefaultGatewayList@BNGatewayAccess@@AAEXXZ
classic	1.09b	Bnclient.dll	23	QueryInterface
classic	1.09d	Bnclient.dll	1	??4BNGatewayAccess@@QAEAAV0@ABV0@@Z
classic	1.09d	Bnclient.dll	2	?CurGateway@BNGatewayAccess@@QAGHXZ
classic	1.09d	Bnclient.dll	3	?DNS@BNGatewayAccess@@QAGPADH@Z
classic	1.09d	Bnclient.dll	4	?FindKey@BNGatewayAccess@@AAEPADPAD0@Z
classic	1.09d	Bnclient.dll	5	?FindSection@BNGatewayAccess@@AAEPADPAD0@Z
classic	1.09d	Bnclient.dll	6	?GMT@BNGatewayAccess@@QAGHH@Z
classic	1.09d	Bnclient.dll	7	?GetBattlenetGatewayList@BNGatewayAccess@@AAEXXZ
classic	1.09d	Bnclient.dll	8	?GetBattlenetRealmsList@BNGatewayAccess@@AAEXXZ
classic	1.09d	Bnclient.dll	9	?GetGatewayList@BNGatewayAccess@@AAEXPBD@Z
classic	1.09d	Bnclient.dll	10	?GetSystemTimeZone@BNGatewayAccess@@AAEHXZ
classic	1.09d	Bnclient.dll	11	?Load@BNGatewayAccess@@QAGXXZ
classic	1.09d	Bnclient.dll	12	?Name@BNGatewayAccess@@QAGPADH@Z
classic	1.09d	Bnclient.dll	13	?Nth@BNGatewayAccess@@AAEPADH@Z
classic	1.09d	Bnclient.dll	14	?NumGateways@BNGatewayAccess@@QAGHXZ
classic	1.09d	Bnclient.dll	15	?PickClosestZone@BNGatewayAccess@@AAEXH@Z
classic	1.09d	Bnclient.dll	16	?Realm@BNGatewayAccess@@QAGPADH@Z
classic	1.09d	Bnclient.dll	17	?SetCurGateway@BNGatewayAccess@@QAGXH@Z
classic	1.09d	Bnclient.dll	18	?SkipEOL@BNGatewayAccess@@AAEPADPAD0@Z
classic	1.09d	Bnclient.dll	19	?SkipToEOL@BNGatewayAccess@@AAEPADPAD0@Z
classic	1.09d	Bnclient.dll	20	?Unload@BNGatewayAccess@@QAGXXZ
classic	1.09d	Bnclient.dll	21	?UpdateGatewaysFromIni@BNGatewayAccess@@QAGXPAD@Z
classic	1.09d	Bnclient.dll	22	?WriteDefaultGatewayList@BNGatewayAccess@@AAEXXZ
classic	1.09d	Bnclient.dll	23	QueryInterface
classic	1.10	Bnclient.dll	1	??4BNGatewayAccess@@QAEAAV0@ABV0@@Z
classic	1.10	Bnclient.dll	2	?CurGateway@BNGatewayAccess@@QAGHXZ
classic	1.10	Bnclient.dll	3	?DNS@BNGatewayAccess@@QAGPADH@Z
classic	1.10	Bnclient.dll	4	?FindKey@BNGatewayAccess@@AAEPADPAD0@Z
classic	1.10	Bnclient.dll	5	?FindSection@BNGatewayAccess@@AAEPADPAD0@Z
classic	1.10	Bnclient.dll	6	?GMT@BNGatewayAccess@@QAGHH@Z
classic	1.10	Bnclient.dll	7	?GetBattlenetGatewayList@BNGatewayAccess@@AAEXXZ
classic	1.10	Bnclient.dll	8	?GetBattlenetRealmsList@BNGatewayAccess@@AAEXXZ
classic	1.10	Bnclient.dll	9	?GetGatewayList@BNGatewayAccess@@AAEXPBD@Z
classic	1.10	Bnclient.dll	10	?GetSystemTimeZone@BNGatewayAccess@@AAEHXZ
classic	1.10	Bnclient.dll	11	?Load@BNGatewayAccess@@QAGXXZ
classic	1.10	Bnclient.dll	12	?Name@BNGatewayAccess@@QAGPADH@Z
classic	1.10	Bnclient.dll	13	?Nth@BNGatewayAccess@@AAEPADH@Z
classic	1.10	Bnclient.dll	14	?NumGateways@BNGatewayAccess@@QAGHXZ
classic	1.10	Bnclient.dll	15	?PickClosestZone@BNGatewayAccess@@AAEXH@Z
classic	1.10	Bnclient.dll	16	?Realm@BNGatewayAccess@@QAGPADH@Z
classic	1.10	Bnclient.dll	17	?SaveAndUnload@BNGatewayAccess@@QAGXXZ
classic	1.10	Bnclient.dll	18	?SetCurGateway@BNGatewayAccess@@QAGXH@Z
classic	1.10	Bnclient.dll	19	?SkipEOL@BNGatewayAccess@@AAEPADPAD0@Z
classic	1.10	Bnclient.dll	20	?SkipToEOL@BNGatewayAccess@@AAEPADPAD0@Z
classic	1.10	Bnclient.dll	21	?UpdateGatewaysFromIni@BNGatewayAccess@@QAGXPAD@Z
classic	1.10	Bnclient.dll	22	?WriteDefaultGatewayList@BNGatewayAccess@@AAEXXZ
classic	1.10	Bnclient.dll	23	QueryInterface
classic	1.11	Bnclient.dll	1	??4BNGatewayAccess@@QAEAAV0@ABV0@@Z
classic	1.11	Bnclient.dll	2	?CurGateway@BNGatewayAccess@@QAGHXZ
classic	1.11	Bnclient.dll	3	?DNS@BNGatewayAccess@@QAGPADH@Z
classic	1.11	Bnclient.dll	4	?FindKey@BNGatewayAccess@@AAEPADPAD0@Z
classic	1.11	Bnclient.dll	5	?FindSection@BNGatewayAccess@@AAEPADPAD0@Z
classic	1.11	Bnclient.dll	6	?GMT@BNGatewayAccess@@QAGHH@Z
classic	1.11	Bnclient.dll	7	?GetBattlenetGatewayList@BNGatewayAccess@@AAEXXZ
classic	1.11	Bnclient.dll	8	?GetBattlenetRealmsList@BNGatewayAccess@@AAEXXZ
classic	1.11	Bnclient.dll	9	?GetGatewayList@BNGatewayAccess@@AAEXPBD@Z
classic	1.11	Bnclient.dll	10	?GetSystemTimeZone@BNGatewayAccess@@AAEHXZ
classic	1.11	Bnclient.dll	11	?Load@BNGatewayAccess@@QAGXXZ
classic	1.11	Bnclient.dll	12	?Name@BNGatewayAccess@@QAGPADH@Z
classic	1.11	Bnclient.dll	13	?Nth@BNGatewayAccess@@AAEPADH@Z
classic	1.11	Bnclient.dll	14	?NumGateways@BNGatewayAccess@@QAGHXZ
classic	1.11	Bnclient.dll	15	?PickClosestZone@BNGatewayAccess@@AAEXH@Z
classic	1.11	Bnclient.dll	16	?Realm@BNGatewayAccess@@QAGPADH@Z
classic	1.11	Bnclient.dll	17	?SaveAndUnload@BNGatewayAccess@@QAGXXZ
classic	1.11	Bnclient.dll	18	?SetCurGateway@BNGatewayAccess@@QAGXH@Z
classic	1.11	Bnclient.dll	19	?SkipEOL@BNGatewayAccess@@AAEPADPAD0@Z
classic	1.11	Bnclient.dll	20	?SkipToEOL@BNGatewayAccess@@AAEPADPAD0@Z
classic	1.11	Bnclient.dll	21	?UpdateGatewaysFromIni@BNGatewayAccess@@QAGXPAD@Z
classic	1.11	Bnclient.dll	22	?WriteDefaultGatewayList@BNGatewayAccess@@AAEXXZ
classic	1.11	Bnclient.dll	23	QueryInterface
classic	1.11b	Bnclient.dll	1	??4BNGatewayAccess@@QAEAAV0@ABV0@@Z
classic	1.11b	Bnclient.dll	2	?CurGateway@BNGatewayAccess@@QAGHXZ
classic	1.11b	Bnclient.dll	3	?DNS@BNGatewayAccess@@QAGPADH@Z
classic	1.11b	Bnclient.dll	4	?FindKey@BNGatewayAccess@@AAEPADPAD0@Z
classic	1.11b	Bnclient.dll	5	?FindSection@BNGatewayAccess@@AAEPADPAD0@Z
classic	1.11b	Bnclient.dll	6	?GMT@BNGatewayAccess@@QAGHH@Z
classic	1.11b	Bnclient.dll	7	?GetBattlenetGatewayList@BNGatewayAccess@@AAEXXZ
classic	1.11b	Bnclient.dll	8	?GetBattlenetRealmsList@BNGatewayAccess@@AAEXXZ
classic	1.11b	Bnclient.dll	9	?GetGatewayList@BNGatewayAccess@@AAEXPBD@Z
classic	1.11b	Bnclient.dll	10	?GetSystemTimeZone@BNGatewayAccess@@AAEHXZ
classic	1.11b	Bnclient.dll	11	?Load@BNGatewayAccess@@QAGXXZ
classic	1.11b	Bnclient.dll	12	?Name@BNGatewayAccess@@QAGPADH@Z
classic	1.11b	Bnclient.dll	13	?Nth@BNGatewayAccess@@AAEPADH@Z
classic	1.11b	Bnclient.dll	14	?NumGateways@BNGatewayAccess@@QAGHXZ
classic	1.11b	Bnclient.dll	15	?PickClosestZone@BNGatewayAccess@@AAEXH@Z
classic	1.11b	Bnclient.dll	16	?Realm@BNGatewayAccess@@QAGPADH@Z
classic	1.11b	Bnclient.dll	17	?SaveAndUnload@BNGatewayAccess@@QAGXXZ
classic	1.11b	Bnclient.dll	18	?SetCurGateway@BNGatewayAccess@@QAGXH@Z
classic	1.11b	Bnclient.dll	19	?SkipEOL@BNGatewayAccess@@AAEPADPAD0@Z
classic	1.11b	Bnclient.dll	20	?SkipToEOL@BNGatewayAccess@@AAEPADPAD0@Z
classic	1.11b	Bnclient.dll	21	?UpdateGatewaysFromIni@BNGatewayAccess@@QAGXPAD@Z
classic	1.11b	Bnclient.dll	22	?WriteDefaultGatewayList@BNGatewayAccess@@AAEXXZ
classic	1.11b	Bnclient.dll	23	QueryInterface
classic	1.12a	Bnclient.dll	1	??4BNGatewayAccess@@QAEAAV0@ABV0@@Z
classic	1.12a	Bnclient.dll	2	?CurGateway@BNGatewayAccess@@QAGHXZ
classic	1.12a	Bnclient.dll	3	?DNS@BNGatewayAccess@@QAGPADH@Z
classic	1.12a	Bnclient.dll	4	?FindKey@BNGatewayAccess@@AAEPADPAD0@Z
classic	1.12a	Bnclient.dll	5	?FindSection@BNGatewayAccess@@AAEPADPAD0@Z
classic	1.12a	Bnclient.dll	6	?GMT@BNGatewayAccess@@QAGHH@Z
classic	1.12a	Bnclient.dll	7	?GetBattlenetGatewayList@BNGatewayAccess@@AAEXXZ
classic	1.12a	Bnclient.dll	8	?GetBattlenetRealmsList@BNGatewayAccess@@AAEXXZ
classic	1.12a	Bnclient.dll	9	?GetGatewayList@BNGatewayAccess@@AAEXPBD@Z
classic	1.12a	Bnclient.dll	10	?GetSystemTimeZone@BNGatewayAccess@@AAEHXZ
classic	1.12a	Bnclient.dll	11	?Load@BNGatewayAccess@@QAGXXZ
classic	1.12a	Bnclient.dll	12	?Name@BNGatewayAccess@@QAGPADH@Z
classic	1.12a	Bnclient.dll	13	?Nth@BNGatewayAccess@@AAEPADH@Z
classic	1.12a	Bnclient.dll	14	?NumGateways@BNGatewayAccess@@QAGHXZ
classic	1.12a	Bnclient.dll	15	?PickClosestZone@BNGatewayAccess@@AAEXH@Z
classic	1.12a	Bnclient.dll	16	?Realm@BNGatewayAccess@@QAGPADH@Z
classic	1.12a	Bnclient.dll	17	?SaveAndUnload@BNGatewayAccess@@QAGXXZ
classic	1.12a	Bnclient.dll	18	?SetCurGateway@BNGatewayAccess@@QAGXH@Z
classic	1.12a	Bnclient.dll	19	?SkipEOL@BNGatewayAccess@@AAEPADPAD0@Z
classic	1.12a	Bnclient.dll	20	?SkipToEOL@BNGatewayAccess@@AAEPADPAD0@Z
classic	1.12a	Bnclient.dll	21	?UpdateGatewaysFromIni@BNGatewayAccess@@QAGXPAD@Z
classic	1.12a	Bnclient.dll	22	?WriteDefaultGatewayList@BNGatewayAccess@@AAEXXZ
classic	1.12a	Bnclient.dll	23	QueryInterface
classic	1.13c	Bnclient.dll	1	??4BNGatewayAccess@@QAEAAV0@ABV0@@Z
classic	1.13c	Bnclient.dll	2	?CurGateway@BNGatewayAccess@@QAGHXZ
classic	1.13c	Bnclient.dll	3	?DNS@BNGatewayAccess@@QAGPADH@Z
classic	1.13c	Bnclient.dll	4	?FindKey@BNGatewayAccess@@AAEPADPAD0@Z
classic	1.13c	Bnclient.dll	5	?FindSection@BNGatewayAccess@@AAEPADPAD0@Z
classic	1.13c	Bnclient.dll	6	?GMT@BNGatewayAccess@@QAGHH@Z
classic	1.13c	Bnclient.dll	7	?GetBattlenetGatewayList@BNGatewayAccess@@AAEXXZ
classic	1.13c	Bnclient.dll	8	?GetBattlenetRealmsList@BNGatewayAccess@@AAEXXZ
classic	1.13c	Bnclient.dll	9	?GetGatewayList@BNGatewayAccess@@AAEXPBD@Z
classic	1.13c	Bnclient.dll	10	?GetSystemTimeZone@BNGatewayAccess@@AAEHXZ
classic	1.13c	Bnclient.dll	11	?Load@BNGatewayAccess@@QAGXXZ
classic	1.13c	Bnclient.dll	12	?Name@BNGatewayAccess@@QAGPADH@Z
classic	1.13c	Bnclient.dll	13	?Nth@BNGatewayAccess@@AAEPADH@Z
classic	1.13c	Bnclient.dll	14	?NumGateways@BNGatewayAccess@@QAGHXZ
classic	1.13c	Bnclient.dll	15	?PickClosestZone@BNGatewayAccess@@AAEXH@Z
classic	1.13c	Bnclient.dll	16	?Realm@BNGatewayAccess@@QAGPADH@Z
classic	1.13c	Bnclient.dll	17	?SaveAndUnload@BNGatewayAccess@@QAGXXZ
classic	1.13c	Bnclient.dll	18	?SetCurGateway@BNGatewayAccess@@QAGXH@Z
classic	1.13c	Bnclient.dll	19	?SkipEOL@BNGatewayAccess@@AAEPADPAD0@Z
classic	1.13c	Bnclient.dll	20	?SkipToEOL@BNGatewayAccess@@AAEPADPAD0@Z
classic	1.13c	Bnclient.dll	21	?UpdateGatewaysFromIni@BNGatewayAccess@@QAGXPAD@Z
classic	1.13c	Bnclient.dll	22	?WriteDefaultGatewayList@BNGatewayAccess@@AAEXXZ
classic	1.13c	Bnclient.dll	23	QueryInterface
classic	1.13d	Bnclient.dll	1	??4BNGatewayAccess@@QAEAAV0@ABV0@@Z
classic	1.13d	Bnclient.dll	2	?CurGateway@BNGatewayAccess@@QAGHXZ
classic	1.13d	Bnclient.dll	3	?DNS@BNGatewayAccess@@QAGPADH@Z
classic	1.13d	Bnclient.dll	4	?FindKey@BNGatewayAccess@@AAEPADPAD0@Z
classic	1.13d	Bnclient.dll	5	?FindSection@BNGatewayAccess@@AAEPADPAD0@Z
classic	1.13d	Bnclient.dll	6	?GMT@BNGatewayAccess@@QAGHH@Z
classic	1.13d	Bnclient.dll	7	?GetBattlenetGatewayList@BNGatewayAccess@@AAEXXZ
classic	1.13d	Bnclient.dll	8	?GetBattlenetRealmsList@BNGatewayAccess@@AAEXXZ
classic	1.13d	Bnclient.dll	9	?GetGatewayList@BNGatewayAccess@@AAEXPBD@Z
classic	1.13d	Bnclient.dll	10	?GetSystemTimeZone@BNGatewayAccess@@AAEHXZ
classic	1.13d	Bnclient.dll	11	?Load@BNGatewayAccess@@QAGXXZ
classic	1.13d	Bnclient.dll	12	?Name@BNGatewayAccess@@QAGPADH@Z
classic	1.13d	Bnclient.dll	13	?Nth@BNGatewayAccess@@AAEPADH@Z
classic	1.13d	Bnclient.dll	14	?NumGateways@BNGatewayAccess@@QAGHXZ
classic	1.13d	Bnclient.dll	15	?PickClosestZone@BNGatewayAccess@@AAEXH@Z
classic	1.13d	Bnclient.dll	16	?Realm@BNGatewayAccess@@QAGPADH@Z
classic	1.13d	Bnclient.dll	17	?SaveAndUnload@BNGatewayAccess@@QAGXXZ
classic	1.13d	Bnclient.dll	18	?SetCurGateway@BNGatewayAccess@@QAGXH@Z
classic	1.13d	Bnclient.dll	19	?SkipEOL@BNGatewayAccess@@AAEPADPAD0@Z
classic	1.13d	Bnclient.dll	20	?SkipToEOL@BNGatewayAccess@@AAEPADPAD0@Z
classic	1.13d	Bnclient.dll	21	?UpdateGatewaysFromIni@BNGatewayAccess@@QAGXPAD@Z
classic	1.13d	Bnclient.dll	22	?WriteDefaultGatewayList@BNGatewayAccess@@AAEXXZ
classic	1.13d	Bnclient.dll	23	QueryInterface
lod	1.07	Bnclient.dll	1	??4BNGatewayAccess@@QAEAAV0@ABV0@@Z
lod	1.07	Bnclient.dll	2	?CurGateway@BNGatewayAccess@@QAGHXZ
lod	1.07	Bnclient.dll	3	?DNS@BNGatewayAccess@@QAGPADH@Z
lod	1.07	Bnclient.dll	4	?FindKey@BNGatewayAccess@@AAEPADPAD0@Z
lod	1.07	Bnclient.dll	5	?FindSection@BNGatewayAccess@@AAEPADPAD0@Z
lod	1.07	Bnclient.dll	6	?GMT@BNGatewayAccess@@QAGHH@Z
lod	1.07	Bnclient.dll	7	?GetBattlenetGatewayList@BNGatewayAccess@@AAEXXZ
lod	1.07	Bnclient.dll	8	?GetBattlenetRealmsList@BNGatewayAccess@@AAEXXZ
lod	1.07	Bnclient.dll	9	?GetGatewayList@BNGatewayAccess@@AAEXPBD@Z
lod	1.07	Bnclient.dll	10	?GetSystemTimeZone@BNGatewayAccess@@AAEHXZ
lod	1.07	Bnclient.dll	11	?Load@BNGatewayAccess@@QAGXXZ
lod	1.07	Bnclient.dll	12	?Name@BNGatewayAccess@@QAGPADH@Z
lod	1.07	Bnclient.dll	13	?Nth@BNGatewayAccess@@AAEPADH@Z
lod	1.07	Bnclient.dll	14	?NumGateways@BNGatewayAccess@@QAGHXZ
lod	1.07	Bnclient.dll	15	?PickClosestZone@BNGatewayAccess@@AAEXH@Z
lod	1.07	Bnclient.dll	16	?Realm@BNGatewayAccess@@QAGPADH@Z
lod	1.07	Bnclient.dll	17	?SetCurGateway@BNGatewayAccess@@QAGXH@Z
lod	1.07	Bnclient.dll	18	?SkipEOL@BNGatewayAccess@@AAEPADPAD0@Z
lod	1.07	Bnclient.dll	19	?SkipToEOL@BNGatewayAccess@@AAEPADPAD0@Z
lod	1.07	Bnclient.dll	20	?Unload@BNGatewayAccess@@QAGXXZ
lod	1.07	Bnclient.dll	21	?UpdateGatewaysFromIni@BNGatewayAccess@@QAGXPAD@Z
lod	1.07	Bnclient.dll	22	?WriteDefaultGatewayList@BNGatewayAccess@@AAEXXZ
lod	1.07	Bnclient.dll	23	QueryInterface
lod	1.07_Beta	Bnclient.dll	1	??4BNGatewayAccess@@QAEAAV0@ABV0@@Z
lod	1.07_Beta	Bnclient.dll	2	?CurGateway@BNGatewayAccess@@QAGHXZ
lod	1.07_Beta	Bnclient.dll	3	?DNS@BNGatewayAccess@@QAGPADH@Z
lod	1.07_Beta	Bnclient.dll	4	?FindKey@BNGatewayAccess@@AAEPADPAD0@Z
lod	1.07_Beta	Bnclient.dll	5	?FindSection@BNGatewayAccess@@AAEPADPAD0@Z
lod	1.07_Beta	Bnclient.dll	6	?GMT@BNGatewayAccess@@QAGHH@Z
lod	1.07_Beta	Bnclient.dll	7	?GetBattlenetGatewayList@BNGatewayAccess@@AAEXXZ
lod	1.07_Beta	Bnclient.dll	8	?GetBattlenetRealmsList@BNGatewayAccess@@AAEXXZ
lod	1.07_Beta	Bnclient.dll	9	?GetGatewayList@BNGatewayAccess@@AAEXPBD@Z
lod	1.07_Beta	Bnclient.dll	10	?GetSystemTimeZone@BNGatewayAccess@@AAEHXZ
lod	1.07_Beta	Bnclient.dll	11	?Load@BNGatewayAccess@@QAGXXZ
lod	1.07_Beta	Bnclient.dll	12	?Name@BNGatewayAccess@@QAGPADH@Z
lod	1.07_Beta	Bnclient.dll	13	?Nth@BNGatewayAccess@@AAEPADH@Z
lod	1.07_Beta	Bnclient.dll	14	?NumGateways@BNGatewayAccess@@QAGHXZ
lod	1.07_Beta	Bnclient.dll	15	?PickClosestZone@BNGatewayAccess@@AAEXH@Z
lod	1.07_Beta	Bnclient.dll	16	?Realm@BNGatewayAccess@@QAGPADH@Z
lod	1.07_Beta	Bnclient.dll	17	?SetCurGateway@BNGatewayAccess@@QAGXH@Z
lod	1.07_Beta	Bnclient.dll	18	?SkipEOL@BNGatewayAccess@@AAEPADPAD0@Z
lod	1.07_Beta	Bnclient.dll	19	?SkipToEOL@BNGatewayAccess@@AAEPADPAD0@Z
lod	1.07_Beta	Bnclient.dll	20	?Unload@BNGatewayAccess@@QAGXXZ
lod	1.07_Beta	Bnclient.dll	21	?UpdateGatewaysFromIni@BNGatewayAccess@@QAGXPAD@Z
lod	1.07_Beta	Bnclient.dll	22	?WriteDefaultGatewayList@BNGatewayAccess@@AAEXXZ
lod	1.07_Beta	Bnclient.dll	23	QueryInterface
lod	1.08	Bnclient.dll	1	??4BNGatewayAccess@@QAEAAV0@ABV0@@Z
lod	1.08	Bnclient.dll	2	?CurGateway@BNGatewayAccess@@QAGHXZ
lod	1.08	Bnclient.dll	3	?DNS@BNGatewayAccess@@QAGPADH@Z
lod	1.08	Bnclient.dll	4	?FindKey@BNGatewayAccess@@AAEPADPAD0@Z
lod	1.08	Bnclient.dll	5	?FindSection@BNGatewayAccess@@AAEPADPAD0@Z
lod	1.08	Bnclient.dll	6	?GMT@BNGatewayAccess@@QAGHH@Z
lod	1.08	Bnclient.dll	7	?GetBattlenetGatewayList@BNGatewayAccess@@AAEXXZ
lod	1.08	Bnclient.dll	8	?GetBattlenetRealmsList@BNGatewayAccess@@AAEXXZ
lod	1.08	Bnclient.dll	9	?GetGatewayList@BNGatewayAccess@@AAEXPBD@Z
lod	1.08	Bnclient.dll	10	?GetSystemTimeZone@BNGatewayAccess@@AAEHXZ
lod	1.08	Bnclient.dll	11	?Load@BNGatewayAccess@@QAGXXZ
lod	1.08	Bnclient.dll	12	?Name@BNGatewayAccess@@QAGPADH@Z
lod	1.08	Bnclient.dll	13	?Nth@BNGatewayAccess@@AAEPADH@Z
lod	1.08	Bnclient.dll	14	?NumGateways@BNGatewayAccess@@QAGHXZ
lod	1.08	Bnclient.dll	15	?PickClosestZone@BNGatewayAccess@@AAEXH@Z
lod	1.08	Bnclient.dll	16	?Realm@BNGatewayAccess@@QAGPADH@Z
lod	1.08	Bnclient.dll	17	?SetCurGateway@BNGatewayAccess@@QAGXH@Z
lod	1.08	Bnclient.dll	18	?SkipEOL@BNGatewayAccess@@AAEPADPAD0@Z
lod	1.08	Bnclient.dll	19	?SkipToEOL@BNGatewayAccess@@AAEPADPAD0@Z
lod	1.08	Bnclient.dll	20	?Unload@BNGatewayAccess@@QAGXXZ
lod	1.08	Bnclient.dll	21	?UpdateGatewaysFromIni@BNGatewayAccess@@QAGXPAD@Z
lod	1.08	Bnclient.dll	22	?WriteDefaultGatewayList@BNGatewayAccess@@AAEXXZ
lod	1.08	Bnclient.dll	23	QueryInterface
lod	1.09	Bnclient.dll	1	??4BNGatewayAccess@@QAEAAV0@ABV0@@Z
lod	1.09	Bnclient.dll	2	?CurGateway@BNGatewayAccess@@QAGHXZ
lod	1.09	Bnclient.dll	3	?DNS@BNGatewayAccess@@QAGPADH@Z
lod	1.09	Bnclient.dll	4	?FindKey@BNGatewayAccess@@AAEPADPAD0@Z
lod	1.09	Bnclient.dll	5	?FindSection@BNGatewayAccess@@AAEPADPAD0@Z
lod	1.09	Bnclient.dll	6	?GMT@BNGatewayAccess@@QAGHH@Z
lod	1.09	Bnclient.dll	7	?GetBattlenetGatewayList@BNGatewayAccess@@AAEXXZ
lod	1.09	Bnclient.dll	8	?GetBattlenetRealmsList@BNGatewayAccess@@AAEXXZ
lod	1.09	Bnclient.dll	9	?GetGatewayList@BNGatewayAccess@@AAEXPBD@Z
lod	1.09	Bnclient.dll	10	?GetSystemTimeZone@BNGatewayAccess@@AAEHXZ
lod	1.09	Bnclient.dll	11	?Load@BNGatewayAccess@@QAGXXZ
lod	1.09	Bnclient.dll	12	?Name@BNGatewayAccess@@QAGPADH@Z
lod	1.09	Bnclient.dll	13	?Nth@BNGatewayAccess@@AAEPADH@Z
lod	1.09	Bnclient.dll	14	?NumGateways@BNGatewayAccess@@QAGHXZ
lod	1.09	Bnclient.dll	15	?PickClosestZone@BNGatewayAccess@@AAEXH@Z
lod	1.09	Bnclient.dll	16	?Realm@BNGatewayAccess@@QAGPADH@Z
lod	1.09	Bnclient.dll	17	?SetCurGateway@BNGatewayAccess@@QAGXH@Z
lod	1.09	Bnclient.dll	18	?SkipEOL@BNGatewayAccess@@AAEPADPAD0@Z
lod	1.09	Bnclient.dll	19	?SkipToEOL@BNGatewayAccess@@AAEPADPAD0@Z
lod	1.09	Bnclient.dll	20	?Unload@BNGatewayAccess@@QAGXXZ
lod	1.09	Bnclient.dll	21	?UpdateGatewaysFromIni@BNGatewayAccess@@QAGXPAD@Z
lod	1.09	Bnclient.dll	22	?WriteDefaultGatewayList@BNGatewayAccess@@AAEXXZ
lod	1.09	Bnclient.dll	23	QueryInterface
lod	1.09b	Bnclient.dll	1	??4BNGatewayAccess@@QAEAAV0@ABV0@@Z
lod	1.09b	Bnclient.dll	2	?CurGateway@BNGatewayAccess@@QAGHXZ
lod	1.09b	Bnclient.dll	3	?DNS@BNGatewayAccess@@QAGPADH@Z
lod	1.09b	Bnclient.dll	4	?FindKey@BNGatewayAccess@@AAEPADPAD0@Z
lod	1.09b	Bnclient.dll	5	?FindSection@BNGatewayAccess@@AAEPADPAD0@Z
lod	1.09b	Bnclient.dll	6	?GMT@BNGatewayAccess@@QAGHH@Z
lod	1.09b	Bnclient.dll	7	?GetBattlenetGatewayList@BNGatewayAccess@@AAEXXZ
lod	1.09b	Bnclient.dll	8	?GetBattlenetRealmsList@BNGatewayAccess@@AAEXXZ
lod	1.09b	Bnclient.dll	9	?GetGatewayList@BNGatewayAccess@@AAEXPBD@Z
lod	1.09b	Bnclient.dll	10	?GetSystemTimeZone@BNGatewayAccess@@AAEHXZ
lod	1.09b	Bnclient.dll	11	?Load@BNGatewayAccess@@QAGXXZ
lod	1.09b	Bnclient.dll	12	?Name@BNGatewayAccess@@QAGPADH@Z
lod	1.09b	Bnclient.dll	13	?Nth@BNGatewayAccess@@AAEPADH@Z
lod	1.09b	Bnclient.dll	14	?NumGateways@BNGatewayAccess@@QAGHXZ
lod	1.09b	Bnclient.dll	15	?PickClosestZone@BNGatewayAccess@@AAEXH@Z
lod	1.09b	Bnclient.dll	16	?Realm@BNGatewayAccess@@QAGPADH@Z
lod	1.09b	Bnclient.dll	17	?SetCurGateway@BNGatewayAccess@@QAGXH@Z
lod	1.09b	Bnclient.dll	18	?SkipEOL@BNGatewayAccess@@AAEPADPAD0@Z
lod	1.09b	Bnclient.dll	19	?SkipToEOL@BNGatewayAccess@@AAEPADPAD0@Z
lod	1.09b	Bnclient.dll	20	?Unload@BNGatewayAccess@@QAGXXZ
lod	1.09b	Bnclient.dll	21	?UpdateGatewaysFromIni@BNGatewayAccess@@QAGXPAD@Z
lod	1.09b	Bnclient.dll	22	?WriteDefaultGatewayList@BNGatewayAccess@@AAEXXZ
lod	1.09b	Bnclient.dll	23	QueryInterface
lod	1.09d	Bnclient.dll	1	??4BNGatewayAccess@@QAEAAV0@ABV0@@Z
lod	1.09d	Bnclient.dll	2	?CurGateway@BNGatewayAccess@@QAGHXZ
lod	1.09d	Bnclient.dll	3	?DNS@BNGatewayAccess@@QAGPADH@Z
lod	1.09d	Bnclient.dll	4	?FindKey@BNGatewayAccess@@AAEPADPAD0@Z
lod	1.09d	Bnclient.dll	5	?FindSection@BNGatewayAccess@@AAEPADPAD0@Z
lod	1.09d	Bnclient.dll	6	?GMT@BNGatewayAccess@@QAGHH@Z
lod	1.09d	Bnclient.dll	7	?GetBattlenetGatewayList@BNGatewayAccess@@AAEXXZ
lod	1.09d	Bnclient.dll	8	?GetBattlenetRealmsList@BNGatewayAccess@@AAEXXZ
lod	1.09d	Bnclient.dll	9	?GetGatewayList@BNGatewayAccess@@AAEXPBD@Z
lod	1.09d	Bnclient.dll	10	?GetSystemTimeZone@BNGatewayAccess@@AAEHXZ
lod	1.09d	Bnclient.dll	11	?Load@BNGatewayAccess@@QAGXXZ
lod	1.09d	Bnclient.dll	12	?Name@BNGatewayAccess@@QAGPADH@Z
lod	1.09d	Bnclient.dll	13	?Nth@BNGatewayAccess@@AAEPADH@Z
lod	1.09d	Bnclient.dll	14	?NumGateways@BNGatewayAccess@@QAGHXZ
lod	1.09d	Bnclient.dll	15	?PickClosestZone@BNGatewayAccess@@AAEXH@Z
lod	1.09d	Bnclient.dll	16	?Realm@BNGatewayAccess@@QAGPADH@Z
lod	1.09d	Bnclient.dll	17	?SetCurGateway@BNGatewayAccess@@QAGXH@Z
lod	1.09d	Bnclient.dll	18	?SkipEOL@BNGatewayAccess@@AAEPADPAD0@Z
lod	1.09d	Bnclient.dll	19	?SkipToEOL@BNGatewayAccess@@AAEPADPAD0@Z
lod	1.09d	Bnclient.dll	20	?Unload@BNGatewayAccess@@QAGXXZ
lod	1.09d	Bnclient.dll	21	?UpdateGatewaysFromIni@BNGatewayAccess@@QAGXPAD@Z
lod	1.09d	Bnclient.dll	22	?WriteDefaultGatewayList@BNGatewayAccess@@AAEXXZ
lod	1.09d	Bnclient.dll	23	QueryInterface
lod	1.10b_Beta_1	Bnclient.dll	1	??4BNGatewayAccess@@QAEAAV0@ABV0@@Z
lod	1.10b_Beta_1	Bnclient.dll	2	?CurGateway@BNGatewayAccess@@QAGHXZ
lod	1.10b_Beta_1	Bnclient.dll	3	?Name@BNGatewayAccess@@QAGPADH@Z
lod	1.10b_Beta_1	Bnclient.dll	4	?NumGateways@BNGatewayAccess@@QAGHXZ
lod	1.10b_Beta_1	Bnclient.dll	5	?Realm@BNGatewayAccess@@QAGPADH@Z
lod	1.10b_Beta_1	Bnclient.dll	6	?SetCurGateway@BNGatewayAccess@@QAGXH@Z
lod	1.10b_Beta_1	Bnclient.dll	7	QueryInterface
lod	1.10f	Bnclient.dll	1	??4BNGatewayAccess@@QAEAAV0@ABV0@@Z
lod	1.10f	Bnclient.dll	2	?CurGateway@BNGatewayAccess@@QAGHXZ
lod	1.10f	Bnclient.dll	3	?DNS@BNGatewayAccess@@QAGPADH@Z
lod	1.10f	Bnclient.dll	4	?FindKey@BNGatewayAccess@@AAEPADPAD0@Z
lod	1.10f	Bnclient.dll	5	?FindSection@BNGatewayAccess@@AAEPADPAD0@Z
lod	1.10f	Bnclient.dll	6	?GMT@BNGatewayAccess@@QAGHH@Z
lod	1.10f	Bnclient.dll	7	?GetBattlenetGatewayList@BNGatewayAccess@@AAEXXZ
lod	1.10f	Bnclient.dll	8	?GetBattlenetRealmsList@BNGatewayAccess@@AAEXXZ
lod	1.10f	Bnclient.dll	9	?GetGatewayList@BNGatewayAccess@@AAEXPBD@Z
lod	1.10f	Bnclient.dll	10	?GetSystemTimeZone@BNGatewayAccess@@AAEHXZ
lod	1.10f	Bnclient.dll	11	?Load@BNGatewayAccess@@QAGXXZ
lod	1.10f	Bnclient.dll	12	?Name@BNGatewayAccess@@QAGPADH@Z
lod	1.10f	Bnclient.dll	13	?Nth@BNGatewayAccess@@AAEPADH@Z
lod	1.10f	Bnclient.dll	14	?NumGateways@BNGatewayAccess@@QAGHXZ
lod	1.10f	Bnclient.dll	15	?PickClosestZone@BNGatewayAccess@@AAEXH@Z
lod	1.10f	Bnclient.dll	16	?Realm@BNGatewayAccess@@QAGPADH@Z
lod	1.10f	Bnclient.dll	17	?SaveAndUnload@BNGatewayAccess@@QAGXXZ
lod	1.10f	Bnclient.dll	18	?SetCurGateway@BNGatewayAccess@@QAGXH@Z
lod	1.10f	Bnclient.dll	19	?SkipEOL@BNGatewayAccess@@AAEPADPAD0@Z
lod	1.10f	Bnclient.dll	20	?SkipToEOL@BNGatewayAccess@@AAEPADPAD0@Z
lod	1.10f	Bnclient.dll	21	?UpdateGatewaysFromIni@BNGatewayAccess@@QAGXPAD@Z
lod	1.10f	Bnclient.dll	22	?WriteDefaultGatewayList@BNGatewayAccess@@AAEXXZ
lod	1.10f	Bnclient.dll	23	QueryInterface
lod	1.10s_Beta_2	Bnclient.dll	1	??4BNGatewayAccess@@QAEAAV0@ABV0@@Z
lod	1.10s_Beta_2	Bnclient.dll	2	?CurGateway@BNGatewayAccess@@QAGHXZ
lod	1.10s_Beta_2	Bnclient.dll	3	?Name@BNGatewayAccess@@QAGPADH@Z
lod	1.10s_Beta_2	Bnclient.dll	4	?NumGateways@BNGatewayAccess@@QAGHXZ
lod	1.10s_Beta_2	Bnclient.dll	5	?Realm@BNGatewayAccess@@QAGPADH@Z
lod	1.10s_Beta_2	Bnclient.dll	6	?SetCurGateway@BNGatewayAccess@@QAGXH@Z
lod	1.10s_Beta_2	Bnclient.dll	7	QueryInterface
lod	1.11	Bnclient.dll	1	??4BNGatewayAccess@@QAEAAV0@ABV0@@Z
lod	1.11	Bnclient.dll	2	?CurGateway@BNGatewayAccess@@QAGHXZ
lod	1.11	Bnclient.dll	3	?DNS@BNGatewayAccess@@QAGPADH@Z
lod	1.11	Bnclient.dll	4	?FindKey@BNGatewayAccess@@AAEPADPAD0@Z
lod	1.11	Bnclient.dll	5	?FindSection@BNGatewayAccess@@AAEPADPAD0@Z
lod	1.11	Bnclient.dll	6	?GMT@BNGatewayAccess@@QAGHH@Z
lod	1.11	Bnclient.dll	7	?GetBattlenetGatewayList@BNGatewayAccess@@AAEXXZ
lod	1.11	Bnclient.dll	8	?GetBattlenetRealmsList@BNGatewayAccess@@AAEXXZ
lod	1.11	Bnclient.dll	9	?GetGatewayList@BNGatewayAccess@@AAEXPBD@Z
lod	1.11	Bnclient.dll	10	?GetSystemTimeZone@BNGatewayAccess@@AAEHXZ
lod	1.11	Bnclient.dll	11	?Load@BNGatewayAccess@@QAGXXZ
lod	1.11	Bnclient.dll	12	?Name@BNGatewayAccess@@QAGPADH@Z
lod	1.11	Bnclient.dll	13	?Nth@BNGatewayAccess@@AAEPADH@Z
lod	1.11	Bnclient.dll	14	?NumGateways@BNGatewayAccess@@QAGHXZ
lod	1.11	Bnclient.dll	15	?PickClosestZone@BNGatewayAccess@@AAEXH@Z
lod	1.11	Bnclient.dll	16	?Realm@BNGatewayAccess@@QAGPADH@Z
lod	1.11	Bnclient.dll	17	?SaveAndUnload@BNGatewayAccess@@QAGXXZ
lod	1.11	Bnclient.dll	18	?SetCurGateway@BNGatewayAccess@@QAGXH@Z
lod	1.11	Bnclient.dll	19	?SkipEOL@BNGatewayAccess@@AAEPADPAD0@Z
lod	1.11	Bnclient.dll	20	?SkipToEOL@BNGatewayAccess@@AAEPADPAD0@Z
lod	1.11	Bnclient.dll	21	?UpdateGatewaysFromIni@BNGatewayAccess@@QAGXPAD@Z
lod	1.11	Bnclient.dll	22	?WriteDefaultGatewayList@BNGatewayAccess@@AAEXXZ
lod	1.11	Bnclient.dll	23	QueryInterface
lod	1.11b	Bnclient.dll	1	??4BNGatewayAccess@@QAEAAV0@ABV0@@Z
lod	1.11b	Bnclient.dll	2	?CurGateway@BNGatewayAccess@@QAGHXZ
lod	1.11b	Bnclient.dll	3	?DNS@BNGatewayAccess@@QAGPADH@Z
lod	1.11b	Bnclient.dll	4	?FindKey@BNGatewayAccess@@AAEPADPAD0@Z
lod	1.11b	Bnclient.dll	5	?FindSection@BNGatewayAccess@@AAEPADPAD0@Z
lod	1.11b	Bnclient.dll	6	?GMT@BNGatewayAccess@@QAGHH@Z
lod	1.11b	Bnclient.dll	7	?GetBattlenetGatewayList@BNGatewayAccess@@AAEXXZ
lod	1.11b	Bnclient.dll	8	?GetBattlenetRealmsList@BNGatewayAccess@@AAEXXZ
lod	1.11b	Bnclient.dll	9	?GetGatewayList@BNGatewayAccess@@AAEXPBD@Z
lod	1.11b	Bnclient.dll	10	?GetSystemTimeZone@BNGatewayAccess@@AAEHXZ
lod	1.11b	Bnclient.dll	11	?Load@BNGatewayAccess@@QAGXXZ
lod	1.11b	Bnclient.dll	12	?Name@BNGatewayAccess@@QAGPADH@Z
lod	1.11b	Bnclient.dll	13	?Nth@BNGatewayAccess@@AAEPADH@Z
lod	1.11b	Bnclient.dll	14	?NumGateways@BNGatewayAccess@@QAGHXZ
lod	1.11b	Bnclient.dll	15	?PickClosestZone@BNGatewayAccess@@AAEXH@Z
lod	1.11b	Bnclient.dll	16	?Realm@BNGatewayAccess@@QAGPADH@Z
lod	1.11b	Bnclient.dll	17	?SaveAndUnload@BNGatewayAccess@@QAGXXZ
lod	1.11b	Bnclient.dll	18	?SetCurGateway@BNGatewayAccess@@QAGXH@Z
lod	1.11b	Bnclient.dll	19	?SkipEOL@BNGatewayAccess@@AAEPADPAD0@Z
lod	1.11b	Bnclient.dll	20	?SkipToEOL@BNGatewayAccess@@AAEPADPAD0@Z
lod	1.11b	Bnclient.dll	21	?UpdateGatewaysFromIni@BNGatewayAccess@@QAGXPAD@Z
lod	1.11b	Bnclient.dll	22	?WriteDefaultGatewayList@BNGatewayAccess@@AAEXXZ
lod	1.11b	Bnclient.dll	23	QueryInterface
lod	1.12a	Bnclient.dll	1	??4BNGatewayAccess@@QAEAAV0@ABV0@@Z
lod	1.12a	Bnclient.dll	2	?CurGateway@BNGatewayAccess@@QAGHXZ
lod	1.12a	Bnclient.dll	3	?DNS@BNGatewayAccess@@QAGPADH@Z
lod	1.12a	Bnclient.dll	4	?FindKey@BNGatewayAccess@@AAEPADPAD0@Z
lod	1.12a	Bnclient.dll	5	?FindSection@BNGatewayAccess@@AAEPADPAD0@Z
lod	1.12a	Bnclient.dll	6	?GMT@BNGatewayAccess@@QAGHH@Z
lod	1.12a	Bnclient.dll	7	?GetBattlenetGatewayList@BNGatewayAccess@@AAEXXZ
lod	1.12a	Bnclient.dll	8	?GetBattlenetRealmsList@BNGatewayAccess@@AAEXXZ
lod	1.12a	Bnclient.dll	9	?GetGatewayList@BNGatewayAccess@@AAEXPBD@Z
lod	1.12a	Bnclient.dll	10	?GetSystemTimeZone@BNGatewayAccess@@AAEHXZ
lod	1.12a	Bnclient.dll	11	?Load@BNGatewayAccess@@QAGXXZ
lod	1.12a	Bnclient.dll	12	?Name@BNGatewayAccess@@QAGPADH@Z
lod	1.12a	Bnclient.dll	13	?Nth@BNGatewayAccess@@AAEPADH@Z
lod	1.12a	Bnclient.dll	14	?NumGateways@BNGatewayAccess@@QAGHXZ
lod	1.12a	Bnclient.dll	15	?PickClosestZone@BNGatewayAccess@@AAEXH@Z
lod	1.12a	Bnclient.dll	16	?Realm@BNGatewayAccess@@QAGPADH@Z
lod	1.12a	Bnclient.dll	17	?SaveAndUnload@BNGatewayAccess@@QAGXXZ
lod	1.12a	Bnclient.dll	18	?SetCurGateway@BNGatewayAccess@@QAGXH@Z
lod	1.12a	Bnclient.dll	19	?SkipEOL@BNGatewayAccess@@AAEPADPAD0@Z
lod	1.12a	Bnclient.dll	20	?SkipToEOL@BNGatewayAccess@@AAEPADPAD0@Z
lod	1.12a	Bnclient.dll	21	?UpdateGatewaysFromIni@BNGatewayAccess@@QAGXPAD@Z
lod	1.12a	Bnclient.dll	22	?WriteDefaultGatewayList@BNGatewayAccess@@AAEXXZ
lod	1.12a	Bnclient.dll	23	QueryInterface
lod	1.13a_Beta	Bnclient.dll	1	??4BNGatewayAccess@@QAEAAV0@ABV0@@Z
lod	1.13a_Beta	Bnclient.dll	2	?CurGateway@BNGatewayAccess@@QAGHXZ
lod	1.13a_Beta	Bnclient.dll	3	?DNS@BNGatewayAccess@@QAGPADH@Z
lod	1.13a_Beta	Bnclient.dll	4	?FindKey@BNGatewayAccess@@AAEPADPAD0@Z
lod	1.13a_Beta	Bnclient.dll	5	?FindSection@BNGatewayAccess@@AAEPADPAD0@Z
lod	1.13a_Beta	Bnclient.dll	6	?GMT@BNGatewayAccess@@QAGHH@Z
lod	1.13a_Beta	Bnclient.dll	7	?GetBattlenetGatewayList@BNGatewayAccess@@AAEXXZ
lod	1.13a_Beta	Bnclient.dll	8	?GetBattlenetRealmsList@BNGatewayAccess@@AAEXXZ
lod	1.13a_Beta	Bnclient.dll	9	?GetGatewayList@BNGatewayAccess@@AAEXPBD@Z
lod	1.13a_Beta	Bnclient.dll	10	?GetSystemTimeZone@BNGatewayAccess@@AAEHXZ
lod	1.13a_Beta	Bnclient.dll	11	?Load@BNGatewayAccess@@QAGXXZ
lod	1.13a_Beta	Bnclient.dll	12	?Name@BNGatewayAccess@@QAGPADH@Z
lod	1.13a_Beta	Bnclient.dll	13	?Nth@BNGatewayAccess@@AAEPADH@Z
lod	1.13a_Beta	Bnclient.dll	14	?NumGateways@BNGatewayAccess@@QAGHXZ
lod	1.13a_Beta	Bnclient.dll	15	?PickClosestZone@BNGatewayAccess@@AAEXH@Z
lod	1.13a_Beta	Bnclient.dll	16	?Realm@BNGatewayAccess@@QAGPADH@Z
lod	1.13a_Beta	Bnclient.dll	17	?SaveAndUnload@BNGatewayAccess@@QAGXXZ
lod	1.13a_Beta	Bnclient.dll	18	?SetCurGateway@BNGatewayAccess@@QAGXH@Z
lod	1.13a_Beta	Bnclient.dll	19	?SkipEOL@BNGatewayAccess@@AAEPADPAD0@Z
lod	1.13a_Beta	Bnclient.dll	20	?SkipToEOL@BNGatewayAccess@@AAEPADPAD0@Z
lod	1.13a_Beta	Bnclient.dll	21	?UpdateGatewaysFromIni@BNGatewayAccess@@QAGXPAD@Z
lod	1.13a_Beta	Bnclient.dll	22	?WriteDefaultGatewayList@BNGatewayAccess@@AAEXXZ
lod	1.13a_Beta	Bnclient.dll	23	QueryInterface
lod	1.13c	Bnclient.dll	1	??4BNGatewayAccess@@QAEAAV0@ABV0@@Z
lod	1.13c	Bnclient.dll	2	?CurGateway@BNGatewayAccess@@QAGHXZ
lod	1.13c	Bnclient.dll	3	?DNS@BNGatewayAccess@@QAGPADH@Z
lod	1.13c	Bnclient.dll	4	?FindKey@BNGatewayAccess@@AAEPADPAD0@Z
lod	1.13c	Bnclient.dll	5	?FindSection@BNGatewayAccess@@AAEPADPAD0@Z
lod	1.13c	Bnclient.dll	6	?GMT@BNGatewayAccess@@QAGHH@Z
lod	1.13c	Bnclient.dll	7	?GetBattlenetGatewayList@BNGatewayAccess@@AAEXXZ
lod	1.13c	Bnclient.dll	8	?GetBattlenetRealmsList@BNGatewayAccess@@AAEXXZ
lod	1.13c	Bnclient.dll	9	?GetGatewayList@BNGatewayAccess@@AAEXPBD@Z
lod	1.13c	Bnclient.dll	10	?GetSystemTimeZone@BNGatewayAccess@@AAEHXZ
lod	1.13c	Bnclient.dll	11	?Load@BNGatewayAccess@@QAGXXZ
lod	1.13c	Bnclient.dll	12	?Name@BNGatewayAccess@@QAGPADH@Z
lod	1.13c	Bnclient.dll	13	?Nth@BNGatewayAccess@@AAEPADH@Z
lod	1.13c	Bnclient.dll	14	?NumGateways@BNGatewayAccess@@QAGHXZ
lod	1.13c	Bnclient.dll	15	?PickClosestZone@BNGatewayAccess@@AAEXH@Z
lod	1.13c	Bnclient.dll	16	?Realm@BNGatewayAccess@@QAGPADH@Z
lod	1.13c	Bnclient.dll	17	?SaveAndUnload@BNGatewayAccess@@QAGXXZ
lod	1.13c	Bnclient.dll	18	?SetCurGateway@BNGatewayAccess@@QAGXH@Z
lod	1.13c	Bnclient.dll	19	?SkipEOL@BNGatewayAccess@@AAEPADPAD0@Z
lod	1.13c	Bnclient.dll	20	?SkipToEOL@BNGatewayAccess@@AAEPADPAD0@Z
lod	1.13c	Bnclient.dll	21	?UpdateGatewaysFromIni@BNGatewayAccess@@QAGXPAD@Z
lod	1.13c	Bnclient.dll	22	?WriteDefaultGatewayList@BNGatewayAccess@@AAEXXZ
lod	1.13c	Bnclient.dll	23	QueryInterface
lod	1.13d	Bnclient.dll	1	??4BNGatewayAccess@@QAEAAV0@ABV0@@Z
lod	1.13d	Bnclient.dll	2	?CurGateway@BNGatewayAccess@@QAGHXZ
lod	1.13d	Bnclient.dll	3	?DNS@BNGatewayAccess@@QAGPADH@Z
lod	1.13d	Bnclient.dll	4	?FindKey@BNGatewayAccess@@AAEPADPAD0@Z
lod	1.13d	Bnclient.dll	5	?FindSection@BNGatewayAccess@@AAEPADPAD0@Z
lod	1.13d	Bnclient.dll	6	?GMT@BNGatewayAccess@@QAGHH@Z
lod	1.13d	Bnclient.dll	7	?GetBattlenetGatewayList@BNGatewayAccess@@AAEXXZ
lod	1.13d	Bnclient.dll	8	?GetBattlenetRealmsList@BNGatewayAccess@@AAEXXZ
lod	1.13d	Bnclient.dll	9	?GetGatewayList@BNGatewayAccess@@AAEXPBD@Z
lod	1.13d	Bnclient.dll	10	?GetSystemTimeZone@BNGatewayAccess@@AAEHXZ
lod	1.13d	Bnclient.dll	11	?Load@BNGatewayAccess@@QAGXXZ
lod	1.13d	Bnclient.dll	12	?Name@BNGatewayAccess@@QAGPADH@Z
lod	1.13d	Bnclient.dll	13	?Nth@BNGatewayAccess@@AAEPADH@Z
lod	1.13d	Bnclient.dll	14	?NumGateways@BNGatewayAccess@@QAGHXZ
lod	1.13d	Bnclient.dll	15	?PickClosestZone@BNGatewayAccess@@AAEXH@Z
lod	1.13d	Bnclient.dll	16	?Realm@BNGatewayAccess@@QAGPADH@Z
lod	1.13d	Bnclient.dll	17	?SaveAndUnload@BNGatewayAccess@@QAGXXZ
lod	1.13d	Bnclient.dll	18	?SetCurGateway@BNGatewayAccess@@QAGXH@Z
lod	1.13d	Bnclient.dll	19	?SkipEOL@BNGatewayAccess@@AAEPADPAD0@Z
lod	1.13d	Bnclient.dll	20	?SkipToEOL@BNGatewayAccess@@AAEPADPAD0@Z
lod	1.13d	Bnclient.dll	21	?UpdateGatewaysFromIni@BNGatewayAccess@@QAGXPAD@Z
lod	1.13d	Bnclient.dll	22	?WriteDefaultGatewayList@BNGatewayAccess@@AAEXXZ
lod	1.13d	Bnclient.dll	23	QueryInterface
lod	1.07_Beta	D2CMPd.dll	1	D2CMPTileCacheGroupTileLoads
lod	1.07_Beta	D2CMPd.dll	2	D2CMPTileCacheIndividualTileLoads
lod	1.07_Beta	D2CMPd.dll	3	D2CMPTileCacheMarkTileForPreLoad
lod	1.07_Beta	D2CMPd.dll	4	D2CMPTileCachePreLoadMarkedTiles
lod	1.07_Beta	D2CMPd.dll	5	CelCheckHardwareMemory
lod	1.07_Beta	D2CMPd.dll	6	CelCompressAddImage
lod	1.07_Beta	D2CMPd.dll	7	CelCompressCreate
lod	1.07_Beta	D2CMPd.dll	8	CelCompressCreateCelFile
lod	1.07_Beta	D2CMPd.dll	9	CelCompressDestroy
lod	1.07_Beta	D2CMPd.dll	10	CelConvertBlock
lod	1.07_Beta	D2CMPd.dll	11	CelConvertDir
lod	1.07_Beta	D2CMPd.dll	12	CelDraw
lod	1.07_Beta	D2CMPd.dll	13	CelDrawEx
lod	1.07_Beta	D2CMPd.dll	14	CelDrawShadow
lod	1.07_Beta	D2CMPd.dll	15	CelFileConvert24To8
lod	1.07_Beta	D2CMPd.dll	16	CelFileConvertOldToNew
lod	1.07_Beta	D2CMPd.dll	17	CelFileFree
lod	1.07_Beta	D2CMPd.dll	18	CelFileFreeHardware
lod	1.07_Beta	D2CMPd.dll	19	CelFileFreeSerialized
lod	1.07_Beta	D2CMPd.dll	20	CelFileGetCelsPerDirection
lod	1.07_Beta	D2CMPd.dll	21	CelFileGetNumDirections
lod	1.07_Beta	D2CMPd.dll	22	CelFileHalve
lod	1.07_Beta	D2CMPd.dll	23	CelFileIteratePixels
lod	1.07_Beta	D2CMPd.dll	24	CelFileNormalize
lod	1.07_Beta	D2CMPd.dll	25	CelFileSerialize
lod	1.07_Beta	D2CMPd.dll	26	CelFileTransform
lod	1.07_Beta	D2CMPd.dll	27	CelGameDirToFileDir
lod	1.07_Beta	D2CMPd.dll	28	CelGameDirToNormalDir
lod	1.07_Beta	D2CMPd.dll	29	CelGameDirToShadowGameDir
lod	1.07_Beta	D2CMPd.dll	30	CelGetControlData
lod	1.07_Beta	D2CMPd.dll	31	CelGetHandle
lod	1.07_Beta	D2CMPd.dll	32	CelGetHardwareData
lod	1.07_Beta	D2CMPd.dll	33	CelGetHardwareFreeCallback
lod	1.07_Beta	D2CMPd.dll	34	CelGetHeight
lod	1.07_Beta	D2CMPd.dll	35	CelGetOffsetX
lod	1.07_Beta	D2CMPd.dll	36	CelGetOffsetY
lod	1.07_Beta	D2CMPd.dll	37	CelGetRawData
lod	1.07_Beta	D2CMPd.dll	38	CelGetWidth
lod	1.07_Beta	D2CMPd.dll	39	CelNormalDirToFileDir
lod	1.07_Beta	D2CMPd.dll	40	CelSetHardwareFreeCallback
lod	1.07_Beta	D2CMPd.dll	41	CmpDoLensEffect
lod	1.07_Beta	D2CMPd.dll	42	CreateD2Palette
lod	1.07_Beta	D2CMPd.dll	43	CreateD2PaletteByteStream
lod	1.07_Beta	D2CMPd.dll	44	D2CMPBuildFileName
lod	1.07_Beta	D2CMPd.dll	45	D2CMPCelDataCacheDumpHashTableStats
lod	1.07_Beta	D2CMPd.dll	46	D2CMPCelDataCacheGetMaxMemory
lod	1.07_Beta	D2CMPd.dll	47	D2CMPCelDataCacheGetUsedMemory
lod	1.07_Beta	D2CMPd.dll	48	D2CMPDestroyTileHeaders
lod	1.07_Beta	D2CMPd.dll	49	D2CMPFindTileProject
lod	1.07_Beta	D2CMPd.dll	50	D2CMPGetFindTile
lod	1.07_Beta	D2CMPd.dll	51	D2CMPGetGfxFileExtension
lod	1.07_Beta	D2CMPd.dll	52	D2CMPGetTileCacheHits
lod	1.07_Beta	D2CMPd.dll	53	D2CMPIterateAllTiles
lod	1.07_Beta	D2CMPd.dll	54	D2CMPLoadProjectRecord
lod	1.07_Beta	D2CMPd.dll	55	D2CMPPalShiftGetTransform
lod	1.07_Beta	D2CMPd.dll	56	D2CMPPalShiftInit
lod	1.07_Beta	D2CMPd.dll	57	D2CMPPalShiftSetAct
lod	1.07_Beta	D2CMPd.dll	58	D2CMPResetTileCacheHits
lod	1.07_Beta	D2CMPd.dll	59	D2CMPSetNoCompress
lod	1.07_Beta	D2CMPd.dll	60	D2CMPSpriteCacheDestroy
lod	1.07_Beta	D2CMPd.dll	61	D2CMPSpriteCacheDumpHashTableStats
lod	1.07_Beta	D2CMPd.dll	62	D2CMPSpriteCacheGetMaxMemory
lod	1.07_Beta	D2CMPd.dll	63	D2CMPSpriteCacheGetUsedMemory
lod	1.07_Beta	D2CMPd.dll	64	D2CMPSpriteCacheInit
lod	1.07_Beta	D2CMPd.dll	65	D2CMPSpriteFindAsynchSiblings
lod	1.07_Beta	D2CMPd.dll	66	D2CMPSpriteFreeAsyncLoads
lod	1.07_Beta	D2CMPd.dll	67	D2CMPSpriteNumAsyncLoads
lod	1.07_Beta	D2CMPd.dll	68	D2CMPSpriteRequest
lod	1.07_Beta	D2CMPd.dll	69	D2CMPSpriteValidate
lod	1.07_Beta	D2CMPd.dll	70	D2CMPTileCacheDestroy
lod	1.07_Beta	D2CMPd.dll	71	D2CMPTileCacheInit
lod	1.07_Beta	D2CMPd.dll	72	D2CMPTileFreeAsyncLoads
lod	1.07_Beta	D2CMPd.dll	73	D2CMPTileValidate
lod	1.07_Beta	D2CMPd.dll	74	D2CMPToggleCelDrawMode
lod	1.07_Beta	D2CMPd.dll	75	D2CMPVerifyGfxHashTable
lod	1.07_Beta	D2CMPd.dll	76	DestroyD2Palette
lod	1.07_Beta	D2CMPd.dll	77	GetClosestColor
lod	1.07_Beta	D2CMPd.dll	78	GetFurthestColor
lod	1.07_Beta	D2CMPd.dll	79	Palette24BitTo8BitImage
lod	1.07_Beta	D2CMPd.dll	80	Palette24BitTo8BitPixel
lod	1.07_Beta	D2CMPd.dll	81	PaletteFixBlack
lod	1.07_Beta	D2CMPd.dll	82	PaletteInit
lod	1.07_Beta	D2CMPd.dll	83	PaletteSetMask
lod	1.07_Beta	D2CMPd.dll	84	PaletteSetTransparency
lod	1.07_Beta	D2CMPd.dll	85	PaletteTestBackground
lod	1.07_Beta	D2CMPd.dll	86	TileAddAddFloorTile
lod	1.07_Beta	D2CMPd.dll	87	TileAddAddSubTile
lod	1.07_Beta	D2CMPd.dll	88	TileGetCollisionInfo
lod	1.07_Beta	D2CMPd.dll	89	TileGetFilename
lod	1.07_Beta	D2CMPd.dll	90	TileGetFlags
lod	1.07_Beta	D2CMPd.dll	91	TileGetHeightToBottom
lod	1.07_Beta	D2CMPd.dll	92	TileGetRarity
lod	1.07_Beta	D2CMPd.dll	93	TileGetRoofHeight
lod	1.07_Beta	D2CMPd.dll	94	TileGetSequence
lod	1.07_Beta	D2CMPd.dll	95	TileGetStyle
lod	1.07_Beta	D2CMPd.dll	96	TileGetTileLight
lod	1.07_Beta	D2CMPd.dll	97	TileGetTotalHeight
lod	1.07_Beta	D2CMPd.dll	98	TileGetType
lod	1.07_Beta	D2CMPd.dll	99	TileGetWidth
lod	1.07_Beta	D2CMPd.dll	100	TileLibraryAddProject
lod	1.07_Beta	D2CMPd.dll	101	TileLibraryGetTiles
lod	1.07_Beta	D2CMPd.dll	102	TileLibraryReleaseProject
lod	1.07_Beta	D2CMPd.dll	103	TileListAddTile
lod	1.07_Beta	D2CMPd.dll	104	TileListCreate
lod	1.07_Beta	D2CMPd.dll	105	TileListCreateProject
lod	1.07_Beta	D2CMPd.dll	106	TileListDestroy
lod	1.07_Beta	D2CMPd.dll	107	TileProjectConvert24To8
lod	1.07_Beta	D2CMPd.dll	108	TileProjectDestroy
lod	1.07_Beta	D2CMPd.dll	109	TileProjectIteratePixels
lod	1.07_Beta	D2CMPd.dll	110	TileProjectNormalize
lod	1.07_Beta	D2CMPd.dll	111	TileProjectSerialize
lod	1.07_Beta	D2CMPd.dll	112	TileSetHardwareFreeCallback
lod	1.07_Beta	D2CMPd.dll	113	UpdateD2TransparencyTable
classic	1.00	D2Client.dll	10004	QueryInterface
classic	1.00_Beta	D2Client.dll	10004	QueryInterface
classic	1.01	D2Client.dll	10004	QueryInterface
classic	1.02	D2Client.dll	10004	QueryInterface
classic	1.03	D2Client.dll	10004	QueryInterface
classic	1.04b	D2Client.dll	10004	QueryInterface
classic	1.04c	D2Client.dll	10004	QueryInterface
classic	1.05	D2Client.dll	10004	QueryInterface
classic	1.05b	D2Client.dll	10004	QueryInterface
classic	1.06	D2Client.dll	10004	QueryInterface
classic	1.06b	D2Client.dll	10004	QueryInterface
classic	1.08	D2Client.dll	10004	QueryInterface
classic	1.09	D2Client.dll	10004	QueryInterface
classic	1.09b	D2Client.dll	10004	QueryInterface
classic	1.09d	D2Client.dll	10004	QueryInterface
classic	1.10	D2Client.dll	10004	QueryInterface
classic	1.11	D2Client.dll	10004	QueryInterface
classic	1.11b	D2Client.dll	10004	QueryInterface
classic	1.12a	D2Client.dll	10004	QueryInterface
classic	1.13c	D2Client.dll	10004	QueryInterface
classic	1.13d	D2Client.dll	10004	QueryInterface
lod	1.07	D2Client.dll	10004	QueryInterface
lod	1.07_Beta	D2Client.dll	10004	QueryInterface
lod	1.08	D2Client.dll	10004	QueryInterface
lod	1.09	D2Client.dll	10004	QueryInterface
lod	1.09b	D2Client.dll	10004	QueryInterface
lod	1.09d	D2Client.dll	10004	QueryInterface
lod	1.10b_Beta_1	D2Client.dll	10004	QueryInterface
lod	1.10f	D2Client.dll	10004	QueryInterface
lod	1.10s_Beta_2	D2Client.dll	10004	QueryInterface
lod	1.11	D2Client.dll	10004	QueryInterface
lod	1.11b	D2Client.dll	10004	QueryInterface
lod	1.12a	D2Client.dll	10004	QueryInterface
lod	1.13a_Beta	D2Client.dll	10004	QueryInterface
lod	1.13c	D2Client.dll	10004	QueryInterface
lod	1.13d	D2Client.dll	10004	QueryInterface
classic	1.04b	D2Common.dll	10549	SkillGetClass
classic	1.04b	D2Common.dll	10550	DataTablesGetItemTypeStatsByIndex
classic	1.04b	D2Common.dll	10551	DataTablesGetItemTypeStatsTblDesc
classic	1.04b	D2Common.dll	10552	ITEMMODSCalcEtherealMods
classic	1.04b	D2Common.dll	10687	ITEMSAutoStacks
classic	1.04b	D2Common.dll	10688	ITEMSAutoStacksByIndex
classic	1.04b	D2Common.dll	10693	ITEMSCalculateRuneItemMods
classic	1.04b	D2Common.dll	10694	ITEMSCurGemSockets
classic	1.04b	D2Common.dll	10696	ITEMSGemApplyType
classic	1.04b	D2Common.dll	10697	ITEMSGemApplyTypeByIndex
classic	1.04b	D2Common.dll	10698	ITEMSGetIndexInSet
classic	1.04b	D2Common.dll	10723	ITEMSGetItemSkillAndLevelAndChance
classic	1.04b	D2Common.dll	10724	ITEMSGetQuiver
classic	1.04b	D2Common.dll	10767	ITEMSGetQuiverByIndex
classic	1.04b	D2Common.dll	11123	ITEMSGetRuneWord
classic	1.04b	D2Common.dll	11124	ITEMSGetSetCompletionRecord
classic	1.04b	D2Common.dll	11125	ITEMSGetSetItemInfo
classic	1.04b	D2Common.dll	11126	ITEMSGetShoots
classic	1.04b	D2Common.dll	11127	ITEMSGetShootsByIndex
classic	1.04b	D2Common.dll	11128	ITEMSGetStaffMods
classic	1.04b	D2Common.dll	11129	ITEMSGetStorePage
classic	1.04b	D2Common.dll	11130	ITEMSGetVarInvGfx
classic	1.04b	D2Common.dll	11131	ITEMSGetVarInvGfxFile
classic	1.04b	D2Common.dll	11132	ITEMSIsA
classic	1.04b	D2Common.dll	11133	ITEMSIsAByIndex
classic	1.04b	D2Common.dll	11134	ITEMSIsGem
classic	1.04b	D2Common.dll	11135	ITEMSIsMagicOnly
classic	1.04b	D2Common.dll	11136	ITEMSIsNormalOnly
classic	1.04b	D2Common.dll	11137	ITEMSIsReEquip
classic	1.04b	D2Common.dll	11138	ITEMSIsReload
classic	1.04b	D2Common.dll	11139	ITEMSRecalculateSetItemMods
classic	1.04b	D2Common.dll	11140	ITEMSSetGemSockets
classic	1.04b	D2Common.dll	11141	SkillsAdjustAttackRateToForm
classic	1.04b	D2Common.dll	11142	SkillsGetCountByClass
classic	1.04b	D2Common.dll	11143	SkillsGetFirstByClass
classic	1.04b	D2Common.dll	11144	StatsChangeSetInactiveFlag
classic	1.04b	D2Common.dll	11145	StatsGetListWithStateAndFlag
classic	1.04b	D2Common.dll	11146	StatsGetListWithStateOrFlag
classic	1.04b	D2Common.dll	11147	StatsGetNextListWithFlag
classic	1.04b	D2Common.dll	11148	StatsListAddToList
classic	1.04b	D2Common.dll	11149	UnitGetMonsterAttackingWeapon
classic	1.04c	D2Common.dll	10549	SkillGetClass
classic	1.04c	D2Common.dll	10550	DataTablesGetItemTypeStatsByIndex
classic	1.04c	D2Common.dll	10551	DataTablesGetItemTypeStatsTblDesc
classic	1.04c	D2Common.dll	10552	ITEMMODSCalcEtherealMods
classic	1.04c	D2Common.dll	10687	ITEMSAutoStacks
classic	1.04c	D2Common.dll	10688	ITEMSAutoStacksByIndex
classic	1.04c	D2Common.dll	10693	ITEMSCalculateRuneItemMods
classic	1.04c	D2Common.dll	10694	ITEMSCurGemSockets
classic	1.04c	D2Common.dll	10696	ITEMSGemApplyType
classic	1.04c	D2Common.dll	10697	ITEMSGemApplyTypeByIndex
classic	1.04c	D2Common.dll	10698	ITEMSGetIndexInSet
classic	1.04c	D2Common.dll	10723	ITEMSGetItemSkillAndLevelAndChance
classic	1.04c	D2Common.dll	10724	ITEMSGetQuiver
classic	1.04c	D2Common.dll	10767	ITEMSGetQuiverByIndex
classic	1.04c	D2Common.dll	11123	ITEMSGetRuneWord
classic	1.04c	D2Common.dll	11124	ITEMSGetSetCompletionRecord
classic	1.04c	D2Common.dll	11125	ITEMSGetSetItemInfo
classic	1.04c	D2Common.dll	11126	ITEMSGetShoots
classic	1.04c	D2Common.dll	11127	ITEMSGetShootsByIndex
classic	1.04c	D2Common.dll	11128	ITEMSGetStaffMods
classic	1.04c	D2Common.dll	11129	ITEMSGetStorePage
classic	1.04c	D2Common.dll	11130	ITEMSGetVarInvGfx
classic	1.04c	D2Common.dll	11131	ITEMSGetVarInvGfxFile
classic	1.04c	D2Common.dll	11132	ITEMSIsA
classic	1.04c	D2Common.dll	11133	ITEMSIsAByIndex
classic	1.04c	D2Common.dll	11134	ITEMSIsGem
classic	1.04c	D2Common.dll	11135	ITEMSIsMagicOnly
classic	1.04c	D2Common.dll	11136	ITEMSIsNormalOnly
classic	1.04c	D2Common.dll	11137	ITEMSIsReEquip
classic	1.04c	D2Common.dll	11138	ITEMSIsReload
classic	1.04c	D2Common.dll	11139	ITEMSRecalculateSetItemMods
classic	1.04c	D2Common.dll	11140	ITEMSSetGemSockets
classic	1.04c	D2Common.dll	11141	SkillsAdjustAttackRateToForm
classic	1.04c	D2Common.dll	11142	SkillsGetCountByClass
classic	1.04c	D2Common.dll	11143	SkillsGetFirstByClass
classic	1.04c	D2Common.dll	11144	StatsChangeSetInactiveFlag
classic	1.04c	D2Common.dll	11145	StatsGetListWithStateAndFlag
classic	1.04c	D2Common.dll	11146	StatsGetListWithStateOrFlag
classic	1.04c	D2Common.dll	11147	StatsGetNextListWithFlag
classic	1.04c	D2Common.dll	11148	StatsListAddToList
classic	1.04c	D2Common.dll	11149	UnitGetMonsterAttackingWeapon
classic	1.05	D2Common.dll	10549	SkillGetClass
classic	1.05	D2Common.dll	10550	DataTablesGetItemTypeStatsByIndex
classic	1.05	D2Common.dll	10551	DataTablesGetItemTypeStatsTblDesc
classic	1.05	D2Common.dll	10552	INVENTORYCheckDebug
classic	1.05	D2Common.dll	10687	INVENTORYClearGridLocationSafe
classic	1.05	D2Common.dll	10688	ITEMMODSCalcEtherealMods
classic	1.05	D2Common.dll	10693	ITEMSAutoStacks
classic	1.05	D2Common.dll	10694	ITEMSAutoStacksByIndex
classic	1.05	D2Common.dll	10696	ITEMSCalculateRuneItemMods
classic	1.05	D2Common.dll	10697	ITEMSCurGemSockets
classic	1.05	D2Common.dll	10698	ITEMSGemApplyType
classic	1.05	D2Common.dll	10723	ITEMSGemApplyTypeByIndex
classic	1.05	D2Common.dll	10724	ITEMSGetIndexInSet
classic	1.05	D2Common.dll	10767	ITEMSGetItemSkillAndLevelAndChance
classic	1.05	D2Common.dll	11123	ITEMSGetQuiver
classic	1.05	D2Common.dll	11124	ITEMSGetQuiverByIndex
classic	1.05	D2Common.dll	11125	ITEMSGetRuneWord
classic	1.05	D2Common.dll	11126	ITEMSGetSetCompletionRecord
classic	1.05	D2Common.dll	11127	ITEMSGetSetItemInfo
classic	1.05	D2Common.dll	11128	ITEMSGetShoots
classic	1.05	D2Common.dll	11129	ITEMSGetShootsByIndex
classic	1.05	D2Common.dll	11130	ITEMSGetStaffMods
classic	1.05	D2Common.dll	11131	ITEMSGetStorePage
classic	1.05	D2Common.dll	11132	ITEMSGetVarInvGfx
classic	1.05	D2Common.dll	11133	ITEMSGetVarInvGfxFile
classic	1.05	D2Common.dll	11134	ITEMSIsA
classic	1.05	D2Common.dll	11135	ITEMSIsAByIndex
classic	1.05	D2Common.dll	11136	ITEMSIsGem
classic	1.05	D2Common.dll	11137	ITEMSIsMagicOnly
classic	1.05	D2Common.dll	11138	ITEMSIsNormalOnly
classic	1.05	D2Common.dll	11139	ITEMSIsReEquip
classic	1.05	D2Common.dll	11140	ITEMSIsReload
classic	1.05	D2Common.dll	11141	ITEMSRecalculateSetItemMods
classic	1.05	D2Common.dll	11142	ITEMSSetGemSockets
classic	1.05	D2Common.dll	11143	SkillsAdjustAttackRateToForm
classic	1.05	D2Common.dll	11144	SkillsGetCountByClass
classic	1.05	D2Common.dll	11145	SkillsGetFirstByClass
classic	1.05	D2Common.dll	11146	StatsChangeSetInactiveFlag
classic	1.05	D2Common.dll	11147	StatsGetListWithStateAndFlag
classic	1.05	D2Common.dll	11148	StatsGetListWithStateOrFlag
classic	1.05	D2Common.dll	11149	StatsGetNextListWithFlag
classic	1.05	D2Common.dll	11150	StatsListAddToList
classic	1.05	D2Common.dll	11151	UnitGetMonsterAttackingWeapon
classic	1.05b	D2Common.dll	10549	SkillGetClass
classic	1.05b	D2Common.dll	10550	DataTablesGetItemTypeStatsByIndex
classic	1.05b	D2Common.dll	10551	DataTablesGetItemTypeStatsTblDesc
classic	1.05b	D2Common.dll	10552	INVENTORYCheckDebug
classic	1.05b	D2Common.dll	10687	INVENTORYClearGridLocationSafe
classic	1.05b	D2Common.dll	10688	ITEMMODSCalcEtherealMods
classic	1.05b	D2Common.dll	10693	ITEMSAutoStacks
classic	1.05b	D2Common.dll	10694	ITEMSAutoStacksByIndex
classic	1.05b	D2Common.dll	10696	ITEMSCalculateRuneItemMods
classic	1.05b	D2Common.dll	10697	ITEMSCurGemSockets
classic	1.05b	D2Common.dll	10698	ITEMSGemApplyType
classic	1.05b	D2Common.dll	10723	ITEMSGemApplyTypeByIndex
classic	1.05b	D2Common.dll	10724	ITEMSGetIndexInSet
classic	1.05b	D2Common.dll	10767	ITEMSGetItemSkillAndLevelAndChance
classic	1.05b	D2Common.dll	11123	ITEMSGetQuiver
classic	1.05b	D2Common.dll	11124	ITEMSGetQuiverByIndex
classic	1.05b	D2Common.dll	11125	ITEMSGetRuneWord
classic	1.05b	D2Common.dll	11126	ITEMSGetSetCompletionRecord
classic	1.05b	D2Common.dll	11127	ITEMSGetSetItemInfo
classic	1.05b	D2Common.dll	11128	ITEMSGetShoots
classic	1.05b	D2Common.dll	11129	ITEMSGetShootsByIndex
classic	1.05b	D2Common.dll	11130	ITEMSGetStaffMods
classic	1.05b	D2Common.dll	11131	ITEMSGetStorePage
classic	1.05b	D2Common.dll	11132	ITEMSGetVarInvGfx
classic	1.05b	D2Common.dll	11133	ITEMSGetVarInvGfxFile
classic	1.05b	D2Common.dll	11134	ITEMSIsA
classic	1.05b	D2Common.dll	11135	ITEMSIsAByIndex
classic	1.05b	D2Common.dll	11136	ITEMSIsGem
classic	1.05b	D2Common.dll	11137	ITEMSIsMagicOnly
classic	1.05b	D2Common.dll	11138	ITEMSIsNormalOnly
classic	1.05b	D2Common.dll	11139	ITEMSIsReEquip
classic	1.05b	D2Common.dll	11140	ITEMSIsReload
classic	1.05b	D2Common.dll	11141	ITEMSRecalculateSetItemMods
classic	1.05b	D2Common.dll	11142	ITEMSSetGemSockets
classic	1.05b	D2Common.dll	11143	SkillsAdjustAttackRateToForm
classic	1.05b	D2Common.dll	11144	SkillsGetCountByClass
classic	1.05b	D2Common.dll	11145	SkillsGetFirstByClass
classic	1.05b	D2Common.dll	11146	StatsChangeSetInactiveFlag
classic	1.05b	D2Common.dll	11147	StatsGetListWithStateAndFlag
classic	1.05b	D2Common.dll	11148	StatsGetListWithStateOrFlag
classic	1.05b	D2Common.dll	11149	StatsGetNextListWithFlag
classic	1.05b	D2Common.dll	11150	StatsListAddToList
classic	1.05b	D2Common.dll	11151	UnitGetMonsterAttackingWeapon
classic	1.06	D2Common.dll	10549	SkillGetClass
classic	1.06	D2Common.dll	10550	DataTablesGetItemTypeStatsByIndex
classic	1.06	D2Common.dll	10551	DataTablesGetItemTypeStatsTblDesc
classic	1.06	D2Common.dll	10552	INVENTORYCheckDebug
classic	1.06	D2Common.dll	10687	INVENTORYClearGridLocationSafe
classic	1.06	D2Common.dll	10688	ITEMMODSCalcEtherealMods
classic	1.06	D2Common.dll	10693	ITEMSAutoStacks
classic	1.06	D2Common.dll	10694	ITEMSAutoStacksByIndex
classic	1.06	D2Common.dll	10696	ITEMSCalculateRuneItemMods
classic	1.06	D2Common.dll	10697	ITEMSCurGemSockets
classic	1.06	D2Common.dll	10698	ITEMSGemApplyType
classic	1.06	D2Common.dll	10723	ITEMSGemApplyTypeByIndex
classic	1.06	D2Common.dll	10724	ITEMSGetIndexInSet
classic	1.06	D2Common.dll	10767	ITEMSGetItemSkillAndLevelAndChance
classic	1.06	D2Common.dll	11123	ITEMSGetQuiver
classic	1.06	D2Common.dll	11124	ITEMSGetQuiverByIndex
classic	1.06	D2Common.dll	11125	ITEMSGetRuneWord
classic	1.06	D2Common.dll	11126	ITEMSGetSetCompletionRecord
classic	1.06	D2Common.dll	11127	ITEMSGetSetItemInfo
classic	1.06	D2Common.dll	11128	ITEMSGetShoots
classic	1.06	D2Common.dll	11129	ITEMSGetShootsByIndex
classic	1.06	D2Common.dll	11130	ITEMSGetStaffMods
classic	1.06	D2Common.dll	11131	ITEMSGetStorePage
classic	1.06	D2Common.dll	11132	ITEMSGetVarInvGfx
classic	1.06	D2Common.dll	11133	ITEMSGetVarInvGfxFile
classic	1.06	D2Common.dll	11134	ITEMSIsA
classic	1.06	D2Common.dll	11135	ITEMSIsAByIndex
classic	1.06	D2Common.dll	11136	ITEMSIsGem
classic	1.06	D2Common.dll	11137	ITEMSIsMagicOnly
classic	1.06	D2Common.dll	11138	ITEMSIsNormalOnly
classic	1.06	D2Common.dll	11139	ITEMSIsReEquip
classic	1.06	D2Common.dll	11140	ITEMSIsReload
classic	1.06	D2Common.dll	11141	ITEMSRecalculateSetItemMods
classic	1.06	D2Common.dll	11142	ITEMSSetGemSockets
classic	1.06	D2Common.dll	11143	SkillsAdjustAttackRateToForm
classic	1.06	D2Common.dll	11144	SkillsGetCountByClass
classic	1.06	D2Common.dll	11145	SkillsGetFirstByClass
classic	1.06	D2Common.dll	11146	StatsChangeSetInactiveFlag
classic	1.06	D2Common.dll	11147	StatsGetCurrentStamina
classic	1.06	D2Common.dll	11148	StatsGetListWithStateAndFlag
classic	1.06	D2Common.dll	11149	StatsGetListWithStateOrFlag
classic	1.06	D2Common.dll	11150	StatsGetNextListWithFlag
classic	1.06	D2Common.dll	11151	StatsListAddToList
classic	1.06	D2Common.dll	11152	UnitGetMonsterAttackingWeapon
classic	1.06b	D2Common.dll	10549	SkillGetClass
classic	1.06b	D2Common.dll	10550	DataTablesGetItemTypeStatsByIndex
classic	1.06b	D2Common.dll	10551	DataTablesGetItemTypeStatsTblDesc
classic	1.06b	D2Common.dll	10552	INVENTORYCheckDebug
classic	1.06b	D2Common.dll	10687	INVENTORYClearGridLocationSafe
classic	1.06b	D2Common.dll	10688	ITEMMODSCalcEtherealMods
classic	1.06b	D2Common.dll	10693	ITEMSAutoStacks
classic	1.06b	D2Common.dll	10694	ITEMSAutoStacksByIndex
classic	1.06b	D2Common.dll	10696	ITEMSCalculateRuneItemMods
classic	1.06b	D2Common.dll	10697	ITEMSCurGemSockets
classic	1.06b	D2Common.dll	10698	ITEMSGemApplyType
classic	1.06b	D2Common.dll	10723	ITEMSGemApplyTypeByIndex
classic	1.06b	D2Common.dll	10724	ITEMSGetIndexInSet
classic	1.06b	D2Common.dll	10767	ITEMSGetItemSkillAndLevelAndChance
classic	1.06b	D2Common.dll	11123	ITEMSGetQuiver
classic	1.06b	D2Common.dll	11124	ITEMSGetQuiverByIndex
classic	1.06b	D2Common.dll	11125	ITEMSGetRuneWord
classic	1.06b	D2Common.dll	11126	ITEMSGetSetCompletionRecord
classic	1.06b	D2Common.dll	11127	ITEMSGetSetItemInfo
classic	1.06b	D2Common.dll	11128	ITEMSGetShoots
classic	1.06b	D2Common.dll	11129	ITEMSGetShootsByIndex
classic	1.06b	D2Common.dll	11130	ITEMSGetStaffMods
classic	1.06b	D2Common.dll	11131	ITEMSGetStorePage
classic	1.06b	D2Common.dll	11132	ITEMSGetVarInvGfx
classic	1.06b	D2Common.dll	11133	ITEMSGetVarInvGfxFile
classic	1.06b	D2Common.dll	11134	ITEMSIsA
classic	1.06b	D2Common.dll	11135	ITEMSIsAByIndex
classic	1.06b	D2Common.dll	11136	ITEMSIsGem
classic	1.06b	D2Common.dll	11137	ITEMSIsMagicOnly
classic	1.06b	D2Common.dll	11138	ITEMSIsNormalOnly
classic	1.06b	D2Common.dll	11139	ITEMSIsReEquip
classic	1.06b	D2Common.dll	11140	ITEMSIsReload
classic	1.06b	D2Common.dll	11141	ITEMSRecalculateSetItemMods
classic	1.06b	D2Common.dll	11142	ITEMSSetGemSockets
classic	1.06b	D2Common.dll	11143	SkillsAdjustAttackRateToForm
classic	1.06b	D2Common.dll	11144	SkillsGetCountByClass
classic	1.06b	D2Common.dll	11145	SkillsGetFirstByClass
classic	1.06b	D2Common.dll	11146	StatsChangeSetInactiveFlag
classic	1.06b	D2Common.dll	11147	StatsGetCurrentStamina
classic	1.06b	D2Common.dll	11148	StatsGetListWithStateAndFlag
classic	1.06b	D2Common.dll	11149	StatsGetListWithStateOrFlag
classic	1.06b	D2Common.dll	11150	StatsGetNextListWithFlag
classic	1.06b	D2Common.dll	11151	StatsListAddToList
classic	1.06b	D2Common.dll	11152	UnitGetMonsterAttackingWeapon
classic	1.10	D2Common.dll	10042	sgptDataTables
classic	1.11	D2Common.dll	11170	sgptDataTables
classic	1.11	D2Common.dll	11171	ITEMSReadInfoFromStreamVersioned
classic	1.11b	D2Common.dll	11170	sgptDataTables
classic	1.11b	D2Common.dll	11171	ITEMSReadInfoFromStreamVersioned
classic	1.12a	D2Common.dll	11170	sgptDataTables
classic	1.12a	D2Common.dll	11171	ITEMSReadInfoFromStreamVersioned
classic	1.13c	D2Common.dll	11170	sgptDataTables
classic	1.13c	D2Common.dll	11171	ITEMSReadInfoFromStreamVersioned
classic	1.13d	D2Common.dll	11173	sgptDataTables
classic	1.13d	D2Common.dll	11174	ITEMSReadInfoFromStreamVersioned
lod	1.10b_Beta_1	D2Common.dll	10326	sgptDataTables
lod	1.10f	D2Common.dll	10042	sgptDataTables
lod	1.10s_Beta_2	D2Common.dll	10326	sgptDataTables
lod	1.11	D2Common.dll	11170	sgptDataTables
lod	1.11	D2Common.dll	11171	ITEMSReadInfoFromStreamVersioned
lod	1.11b	D2Common.dll	11170	sgptDataTables
lod	1.11b	D2Common.dll	11171	ITEMSReadInfoFromStreamVersioned
lod	1.12a	D2Common.dll	11170	sgptDataTables
lod	1.12a	D2Common.dll	11171	ITEMSReadInfoFromStreamVersioned
lod	1.13a_Beta	D2Common.dll	11170	sgptDataTables
lod	1.13a_Beta	D2Common.dll	11171	ITEMSReadInfoFromStreamVersioned
lod	1.13c	D2Common.dll	11170	sgptDataTables
lod	1.13c	D2Common.dll	11171	ITEMSReadInfoFromStreamVersioned
lod	1.13d	D2Common.dll	11173	sgptDataTables
lod	1.13d	D2Common.dll	11174	ITEMSReadInfoFromStreamVersioned
classic	1.00	D2Lang.dll	10014	??0Unicode@@QAE@G@Z
classic	1.00	D2Lang.dll	10015	??4Unicode@@QAEAAU0@ABU0@@Z
classic	1.00	D2Lang.dll	10016	??BUnicode@@QBEGXZ
classic	1.00	D2Lang.dll	10017	??_FUnicode@@QAEXXZ
classic	1.00	D2Lang.dll	10018	?_toLowerTable@Unicode@@0PAGA
classic	1.00	D2Lang.dll	10019	?_toUpperTable@Unicode@@0PAGA
classic	1.00	D2Lang.dll	10020	?compare@Unicode@@QBEHU1@@Z
classic	1.00	D2Lang.dll	10021	?compare@Unicode@@SIHU1@0@Z
classic	1.00	D2Lang.dll	10022	?directionality@Unicode@@QAE?AW4Direction@1@XZ
classic	1.00	D2Lang.dll	10023	?isASCII@Unicode@@QBEHXZ
classic	1.00	D2Lang.dll	10024	?isAlpha@Unicode@@QBEHXZ
classic	1.00	D2Lang.dll	10025	?isLeftToRight@Unicode@@QBEHXZ
classic	1.00	D2Lang.dll	10026	?isLineBreak@Unicode@@SIHPBU1@I@Z
classic	1.00	D2Lang.dll	10027	?isNewline@Unicode@@QBEHXZ
classic	1.00	D2Lang.dll	10028	?isPipe@Unicode@@QBEHXZ
classic	1.00	D2Lang.dll	10029	?isWhitespace@Unicode@@QBEHXZ
classic	1.00	D2Lang.dll	10030	?isWordEnd@Unicode@@SIHPBU1@I@Z
classic	1.00	D2Lang.dll	10031	?loadSysMap@Unicode@@SIHPAUHD2ARCHIVE__@@PBD@Z
classic	1.00	D2Lang.dll	10032	?sprintf@Unicode@@SAXHPAU1@PBU1@ZZ
classic	1.00	D2Lang.dll	10033	?strcat@Unicode@@SIPAU1@PAU1@PBU1@@Z
classic	1.00	D2Lang.dll	10034	?strchr@Unicode@@SIPAU1@PBU1@U1@@Z
classic	1.00	D2Lang.dll	10035	?strcmp@Unicode@@SIHPBU1@0@Z
classic	1.00	D2Lang.dll	10036	?strcoll@Unicode@@SIHPBU1@0@Z
classic	1.00	D2Lang.dll	10037	?strcpy@Unicode@@SIPAU1@PAU1@PBU1@@Z
classic	1.00	D2Lang.dll	10038	?stricmp@Unicode@@SIHPBU1@0@Z
classic	1.00	D2Lang.dll	10039	?strlen@Unicode@@SIHPBU1@@Z
classic	1.00	D2Lang.dll	10040	?strncat@Unicode@@SIPAU1@PAU1@PBU1@H@Z
classic	1.00	D2Lang.dll	10041	?strncoll@Unicode@@SIHPBU1@0H@Z
classic	1.00	D2Lang.dll	10042	?strncpy@Unicode@@SIPAU1@PAU1@PBU1@H@Z
classic	1.00	D2Lang.dll	10043	?strnicmp@Unicode@@SIHPBU1@0I@Z
classic	1.00	D2Lang.dll	10044	?strstr@Unicode@@SIPBU1@PBU1@0@Z
classic	1.00	D2Lang.dll	10045	?strstri@Unicode@@SIPBU1@PBU1@0@Z
classic	1.00	D2Lang.dll	10046	?sys2Unicode@Unicode@@SIPAU1@PAU1@PBDH@Z
classic	1.00	D2Lang.dll	10047	?sysWidth@Unicode@@SIKPBU1@H@Z
classic	1.00	D2Lang.dll	10048	?toLower@Unicode@@QBE?AU1@XZ
classic	1.00	D2Lang.dll	10049	?toUnicode@Unicode@@SIPAU1@PAU1@PBDH@Z
classic	1.00	D2Lang.dll	10050	?toUpper@Unicode@@QBE?AU1@XZ
classic	1.00	D2Lang.dll	10051	?toUtf@Unicode@@SIPADPADPBU1@H@Z
classic	1.00	D2Lang.dll	10052	?unicode2Sys@Unicode@@SIPADPADPBU1@H@Z
classic	1.00	D2Lang.dll	10053	?unicode2Win@Unicode@@SIPADPADPBU1@H@Z
classic	1.00	D2Lang.dll	10054	?unicodeWidth@Unicode@@SIKPBDH@Z
classic	1.00	D2Lang.dll	10055	?unicodenwidth@Unicode@@SIIPBDH@Z
classic	1.00	D2Lang.dll	10056	?unloadSysMap@Unicode@@SIXXZ
classic	1.00	D2Lang.dll	10057	?utfnwidth@Unicode@@SIIPBU1@H@Z
classic	1.00	D2Lang.dll	10058	?utfwidth@Unicode@@QBEHXZ
classic	1.00	D2Lang.dll	10059	?win2Unicode@Unicode@@SIPAU1@PAU1@PBDH@Z
classic	1.00_Beta	D2Lang.dll	10009	??0Unicode@@QAE@G@Z
classic	1.00_Beta	D2Lang.dll	10010	??4Unicode@@QAEAAU0@ABU0@@Z
classic	1.00_Beta	D2Lang.dll	10011	??BUnicode@@QBEGXZ
classic	1.00_Beta	D2Lang.dll	10012	??_FUnicode@@QAEXXZ
classic	1.00_Beta	D2Lang.dll	10013	?_toLowerTable@Unicode@@0PAGA
classic	1.00_Beta	D2Lang.dll	10014	?_toUpperTable@Unicode@@0PAGA
classic	1.00_Beta	D2Lang.dll	10015	?compare@Unicode@@QBEHU1@@Z
classic	1.00_Beta	D2Lang.dll	10016	?compare@Unicode@@SIHU1@0@Z
classic	1.00_Beta	D2Lang.dll	10017	?directionality@Unicode@@QAE?AW4Direction@1@XZ
classic	1.00_Beta	D2Lang.dll	10018	?isASCII@Unicode@@QBEHXZ
classic	1.00_Beta	D2Lang.dll	10019	?isAlpha@Unicode@@QBEHXZ
classic	1.00_Beta	D2Lang.dll	10020	?isLeftToRight@Unicode@@QBEHXZ
classic	1.00_Beta	D2Lang.dll	10021	?isLineBreak@Unicode@@SIHPBU1@I@Z
classic	1.00_Beta	D2Lang.dll	10022	?isNewline@Unicode@@QBEHXZ
classic	1.00_Beta	D2Lang.dll	10023	?isPipe@Unicode@@QBEHXZ
classic	1.00_Beta	D2Lang.dll	10024	?isWhitespace@Unicode@@QBEHXZ
classic	1.00_Beta	D2Lang.dll	10025	?isWordEnd@Unicode@@SIHPBU1@I@Z
classic	1.00_Beta	D2Lang.dll	10026	?loadSysMap@Unicode@@SIHPAUHD2ARCHIVE__@@PBD@Z
classic	1.00_Beta	D2Lang.dll	10027	?sprintf@Unicode@@SAXPAU1@PBU1@ZZ
classic	1.00_Beta	D2Lang.dll	10028	?strcat@Unicode@@SIPAU1@PAU1@PBU1@@Z
classic	1.00_Beta	D2Lang.dll	10029	?strchr@Unicode@@SIPAU1@PBU1@U1@@Z
classic	1.00_Beta	D2Lang.dll	10030	?strcmp@Unicode@@SIHPBU1@0@Z
classic	1.00_Beta	D2Lang.dll	10031	?strcoll@Unicode@@SIHPBU1@0@Z
classic	1.00_Beta	D2Lang.dll	10032	?strcpy@Unicode@@SIPAU1@PAU1@PBU1@@Z
classic	1.00_Beta	D2Lang.dll	10033	?stricmp@Unicode@@SIHPBU1@0@Z
classic	1.00_Beta	D2Lang.dll	10034	?strlen@Unicode@@SIHPBU1@@Z
classic	1.00_Beta	D2Lang.dll	10035	?strncat@Unicode@@SIPAU1@PAU1@PBU1@H@Z
classic	1.00_Beta	D2Lang.dll	10036	?strncoll@Unicode@@SIHPBU1@0H@Z
classic	1.00_Beta	D2Lang.dll	10037	?strncpy@Unicode@@SIPAU1@PAU1@PBU1@H@Z
classic	1.00_Beta	D2Lang.dll	10038	?strnicmp@Unicode@@SIHPBU1@0I@Z
classic	1.00_Beta	D2Lang.dll	10039	?strstr@Unicode@@SIPBU1@PBU1@0@Z
classic	1.00_Beta	D2Lang.dll	10040	?strstri@Unicode@@SIPBU1@PBU1@0@Z
classic	1.00_Beta	D2Lang.dll	10041	?sys2Unicode@Unicode@@SIPAU1@PAU1@PBDH@Z
classic	1.00_Beta	D2Lang.dll	10042	?sysWidth@Unicode@@SIKPBU1@H@Z
classic	1.00_Beta	D2Lang.dll	10043	?toLower@Unicode@@QBE?AU1@XZ
classic	1.00_Beta	D2Lang.dll	10044	?toUnicode@Unicode@@SIPAU1@PAU1@PBDH@Z
classic	1.00_Beta	D2Lang.dll	10045	?toUpper@Unicode@@QBE?AU1@XZ
classic	1.00_Beta	D2Lang.dll	10046	?toUtf@Unicode@@SIPADPADPBU1@H@Z
classic	1.00_Beta	D2Lang.dll	10047	?unicode2Sys@Unicode@@SIPADPADPBU1@H@Z
classic	1.00_Beta	D2Lang.dll	10048	?unicode2Win@Unicode@@SIPADPADPBU1@H@Z
classic	1.00_Beta	D2Lang.dll	10049	?unicodeWidth@Unicode@@SIKPBDH@Z
classic	1.00_Beta	D2Lang.dll	10050	?unicodenwidth@Unicode@@SIIPBDH@Z
classic	1.00_Beta	D2Lang.dll	10051	?unloadSysMap@Unicode@@SIXXZ
classic	1.00_Beta	D2Lang.dll	10052	?utfnwidth@Unicode@@SIIPBU1@H@Z
classic	1.00_Beta	D2Lang.dll	10053	?utfwidth@Unicode@@QBEHXZ
classic	1.00_Beta	D2Lang.dll	10054	?win2Unicode@Unicode@@SIPAU1@PAU1@PBDH@Z
classic	1.01	D2Lang.dll	10014	??0Unicode@@QAE@G@Z
classic	1.01	D2Lang.dll	10015	??4Unicode@@QAEAAU0@ABU0@@Z
classic	1.01	D2Lang.dll	10016	??BUnicode@@QBEGXZ
classic	1.01	D2Lang.dll	10017	??_FUnicode@@QAEXXZ
classic	1.01	D2Lang.dll	10018	?_toLowerTable@Unicode@@0PAGA
classic	1.01	D2Lang.dll	10019	?_toUpperTable@Unicode@@0PAGA
classic	1.01	D2Lang.dll	10020	?compare@Unicode@@QBEHU1@@Z
classic	1.01	D2Lang.dll	10021	?compare@Unicode@@SIHU1@0@Z
classic	1.01	D2Lang.dll	10022	?directionality@Unicode@@QAE?AW4Direction@1@XZ
classic	1.01	D2Lang.dll	10023	?isASCII@Unicode@@QBEHXZ
classic	1.01	D2Lang.dll	10024	?isAlpha@Unicode@@QBEHXZ
classic	1.01	D2Lang.dll	10025	?isLeftToRight@Unicode@@QBEHXZ
classic	1.01	D2Lang.dll	10026	?isLineBreak@Unicode@@SIHPBU1@I@Z
classic	1.01	D2Lang.dll	10027	?isNewline@Unicode@@QBEHXZ
classic	1.01	D2Lang.dll	10028	?isPipe@Unicode@@QBEHXZ
classic	1.01	D2Lang.dll	10029	?isWhitespace@Unicode@@QBEHXZ
classic	1.01	D2Lang.dll	10030	?isWordEnd@Unicode@@SIHPBU1@I@Z
classic	1.01	D2Lang.dll	10031	?loadSysMap@Unicode@@SIHPAUHD2ARCHIVE__@@PBD@Z
classic	1.01	D2Lang.dll	10032	?sprintf@Unicode@@SAXHPAU1@PBU1@ZZ
classic	1.01	D2Lang.dll	10033	?strcat@Unicode@@SIPAU1@PAU1@PBU1@@Z
classic	1.01	D2Lang.dll	10034	?strchr@Unicode@@SIPAU1@PBU1@U1@@Z
classic	1.01	D2Lang.dll	10035	?strcmp@Unicode@@SIHPBU1@0@Z
classic	1.01	D2Lang.dll	10036	?strcoll@Unicode@@SIHPBU1@0@Z
classic	1.01	D2Lang.dll	10037	?strcpy@Unicode@@SIPAU1@PAU1@PBU1@@Z
classic	1.01	D2Lang.dll	10038	?stricmp@Unicode@@SIHPBU1@0@Z
classic	1.01	D2Lang.dll	10039	?strlen@Unicode@@SIHPBU1@@Z
classic	1.01	D2Lang.dll	10040	?strncat@Unicode@@SIPAU1@PAU1@PBU1@H@Z
classic	1.01	D2Lang.dll	10041	?strncoll@Unicode@@SIHPBU1@0H@Z
classic	1.01	D2Lang.dll	10042	?strncpy@Unicode@@SIPAU1@PAU1@PBU1@H@Z
classic	1.01	D2Lang.dll	10043	?strnicmp@Unicode@@SIHPBU1@0I@Z
classic	1.01	D2Lang.dll	10044	?strstr@Unicode@@SIPBU1@PBU1@0@Z
classic	1.01	D2Lang.dll	10045	?strstri@Unicode@@SIPBU1@PBU1@0@Z
classic	1.01	D2Lang.dll	10046	?sys2Unicode@Unicode@@SIPAU1@PAU1@PBDH@Z
classic	1.01	D2Lang.dll	10047	?sysWidth@Unicode@@SIKPBU1@H@Z
classic	1.01	D2Lang.dll	10048	?toLower@Unicode@@QBE?AU1@XZ
classic	1.01	D2Lang.dll	10049	?toUnicode@Unicode@@SIPAU1@PAU1@PBDH@Z
classic	1.01	D2Lang.dll	10050	?toUpper@Unicode@@QBE?AU1@XZ
classic	1.01	D2Lang.dll	10051	?toUtf@Unicode@@SIPADPADPBU1@H@Z
classic	1.01	D2Lang.dll	10052	?unicode2Sys@Unicode@@SIPADPADPBU1@H@Z
classic	1.01	D2Lang.dll	10053	?unicode2Win@Unicode@@SIPADPADPBU1@H@Z
classic	1.01	D2Lang.dll	10054	?unicodeWidth@Unicode@@SIKPBDH@Z
classic	1.01	D2Lang.dll	10055	?unicodenwidth@Unicode@@SIIPBDH@Z
classic	1.01	D2Lang.dll	10056	?unloadSysMap@Unicode@@SIXXZ
classic	1.01	D2Lang.dll	10057	?utfnwidth@Unicode@@SIIPBU1@H@Z
classic	1.01	D2Lang.dll	10058	?utfwidth@Unicode@@QBEHXZ
classic	1.01	D2Lang.dll	10059	?win2Unicode@Unicode@@SIPAU1@PAU1@PBDH@Z
classic	1.02	D2Lang.dll	10014	??0Unicode@@QAE@G@Z
classic	1.02	D2Lang.dll	10015	??4Unicode@@QAEAAU0@ABU0@@Z
classic	1.02	D2Lang.dll	10016	??BUnicode@@QBEGXZ
classic	1.02	D2Lang.dll	10017	??_FUnicode@@QAEXXZ
classic	1.02	D2Lang.dll	10018	?_toLowerTable@Unicode@@0PAGA
classic	1.02	D2Lang.dll	10019	?_toUpperTable@Unicode@@0PAGA
classic	1.02	D2Lang.dll	10020	?compare@Unicode@@QBEHU1@@Z
classic	1.02	D2Lang.dll	10021	?compare@Unicode@@SIHU1@0@Z
classic	1.02	D2Lang.dll	10022	?directionality@Unicode@@QAE?AW4Direction@1@XZ
classic	1.02	D2Lang.dll	10023	?isASCII@Unicode@@QBEHXZ
classic	1.02	D2Lang.dll	10024	?isAlpha@Unicode@@QBEHXZ
classic	1.02	D2Lang.dll	10025	?isLeftToRight@Unicode@@QBEHXZ
classic	1.02	D2Lang.dll	10026	?isLineBreak@Unicode@@SIHPBU1@I@Z
classic	1.02	D2Lang.dll	10027	?isNewline@Unicode@@QBEHXZ
classic	1.02	D2Lang.dll	10028	?isPipe@Unicode@@QBEHXZ
classic	1.02	D2Lang.dll	10029	?isWhitespace@Unicode@@QBEHXZ
classic	1.02	D2Lang.dll	10030	?isWordEnd@Unicode@@SIHPBU1@I@Z
classic	1.02	D2Lang.dll	10031	?loadSysMap@Unicode@@SIHPAUHD2ARCHIVE__@@PBD@Z
classic	1.02	D2Lang.dll	10032	?sprintf@Unicode@@SAXHPAU1@PBU1@ZZ
classic	1.02	D2Lang.dll	10033	?strcat@Unicode@@SIPAU1@PAU1@PBU1@@Z
classic	1.02	D2Lang.dll	10034	?strchr@Unicode@@SIPAU1@PBU1@U1@@Z
classic	1.02	D2Lang.dll	10035	?strcmp@Unicode@@SIHPBU1@0@Z
classic	1.02	D2Lang.dll	10036	?strcoll@Unicode@@SIHPBU1@0@Z
classic	1.02	D2Lang.dll	10037	?strcpy@Unicode@@SIPAU1@PAU1@PBU1@@Z
classic	1.02	D2Lang.dll	10038	?stricmp@Unicode@@SIHPBU1@0@Z
classic	1.02	D2Lang.dll	10039	?strlen@Unicode@@SIHPBU1@@Z
classic	1.02	D2Lang.dll	10040	?strncat@Unicode@@SIPAU1@PAU1@PBU1@H@Z
classic	1.02	D2Lang.dll	10041	?strncoll@Unicode@@SIHPBU1@0H@Z
classic	1.02	D2Lang.dll	10042	?strncpy@Unicode@@SIPAU1@PAU1@PBU1@H@Z
classic	1.02	D2Lang.dll	10043	?strnicmp@Unicode@@SIHPBU1@0I@Z
classic	1.02	D2Lang.dll	10044	?strstr@Unicode@@SIPBU1@PBU1@0@Z
classic	1.02	D2Lang.dll	10045	?strstri@Unicode@@SIPBU1@PBU1@0@Z
classic	1.02	D2Lang.dll	10046	?sys2Unicode@Unicode@@SIPAU1@PAU1@PBDH@Z
classic	1.02	D2Lang.dll	10047	?sysWidth@Unicode@@SIKPBU1@H@Z
classic	1.02	D2Lang.dll	10048	?toLower@Unicode@@QBE?AU1@XZ
classic	1.02	D2Lang.dll	10049	?toUnicode@Unicode@@SIPAU1@PAU1@PBDH@Z
classic	1.02	D2Lang.dll	10050	?toUpper@Unicode@@QBE?AU1@XZ
classic	1.02	D2Lang.dll	10051	?toUtf@Unicode@@SIPADPADPBU1@H@Z
classic	1.02	D2Lang.dll	10052	?unicode2Sys@Unicode@@SIPADPADPBU1@H@Z
classic	1.02	D2Lang.dll	10053	?unicode2Win@Unicode@@SIPADPADPBU1@H@Z
classic	1.02	D2Lang.dll	10054	?unicodeWidth@Unicode@@SIKPBDH@Z
classic	1.02	D2Lang.dll	10055	?unicodenwidth@Unicode@@SIIPBDH@Z
classic	1.02	D2Lang.dll	10056	?unloadSysMap@Unicode@@SIXXZ
classic	1.02	D2Lang.dll	10057	?utfnwidth@Unicode@@SIIPBU1@H@Z
classic	1.02	D2Lang.dll	10058	?utfwidth@Unicode@@QBEHXZ
classic	1.02	D2Lang.dll	10059	?win2Unicode@Unicode@@SIPAU1@PAU1@PBDH@Z
classic	1.03	D2Lang.dll	10014	??0Unicode@@QAE@G@Z
classic	1.03	D2Lang.dll	10015	??4Unicode@@QAEAAU0@ABU0@@Z
classic	1.03	D2Lang.dll	10016	??BUnicode@@QBEGXZ
classic	1.03	D2Lang.dll	10017	??_FUnicode@@QAEXXZ
classic	1.03	D2Lang.dll	10018	?_toLowerTable@Unicode@@0PAGA
classic	1.03	D2Lang.dll	10019	?_toUpperTable@Unicode@@0PAGA
classic	1.03	D2Lang.dll	10020	?compare@Unicode@@QBEHU1@@Z
classic	1.03	D2Lang.dll	10021	?compare@Unicode@@SIHU1@0@Z
classic	1.03	D2Lang.dll	10022	?directionality@Unicode@@QAE?AW4Direction@1@XZ
classic	1.03	D2Lang.dll	10023	?isASCII@Unicode@@QBEHXZ
classic	1.03	D2Lang.dll	10024	?isAlpha@Unicode@@QBEHXZ
classic	1.03	D2Lang.dll	10025	?isLeftToRight@Unicode@@QBEHXZ
classic	1.03	D2Lang.dll	10026	?isLineBreak@Unicode@@SIHPBU1@I@Z
classic	1.03	D2Lang.dll	10027	?isNewline@Unicode@@QBEHXZ
classic	1.03	D2Lang.dll	10028	?isPipe@Unicode@@QBEHXZ
classic	1.03	D2Lang.dll	10029	?isWhitespace@Unicode@@QBEHXZ
classic	1.03	D2Lang.dll	10030	?isWordEnd@Unicode@@SIHPBU1@I@Z
classic	1.03	D2Lang.dll	10031	?loadSysMap@Unicode@@SIHPAUHD2ARCHIVE__@@PBD@Z
classic	1.03	D2Lang.dll	10032	?sprintf@Unicode@@SAXHPAU1@PBU1@ZZ
classic	1.03	D2Lang.dll	10033	?strcat@Unicode@@SIPAU1@PAU1@PBU1@@Z
classic	1.03	D2Lang.dll	10034	?strchr@Unicode@@SIPAU1@PBU1@U1@@Z
classic	1.03	D2Lang.dll	10035	?strcmp@Unicode@@SIHPBU1@0@Z
classic	1.03	D2Lang.dll	10036	?strcoll@Unicode@@SIHPBU1@0@Z
classic	1.03	D2Lang.dll	10037	?strcpy@Unicode@@SIPAU1@PAU1@PBU1@@Z
classic	1.03	D2Lang.dll	10038	?stricmp@Unicode@@SIHPBU1@0@Z
classic	1.03	D2Lang.dll	10039	?strlen@Unicode@@SIHPBU1@@Z
classic	1.03	D2Lang.dll	10040	?strncat@Unicode@@SIPAU1@PAU1@PBU1@H@Z
classic	1.03	D2Lang.dll	10041	?strncoll@Unicode@@SIHPBU1@0H@Z
classic	1.03	D2Lang.dll	10042	?strncpy@Unicode@@SIPAU1@PAU1@PBU1@H@Z
classic	1.03	D2Lang.dll	10043	?strnicmp@Unicode@@SIHPBU1@0I@Z
classic	1.03	D2Lang.dll	10044	?strstr@Unicode@@SIPBU1@PBU1@0@Z
classic	1.03	D2Lang.dll	10045	?strstri@Unicode@@SIPBU1@PBU1@0@Z
classic	1.03	D2Lang.dll	10046	?sys2Unicode@Unicode@@SIPAU1@PAU1@PBDH@Z
classic	1.03	D2Lang.dll	10047	?sysWidth@Unicode@@SIKPBU1@H@Z
classic	1.03	D2Lang.dll	10048	?toLower@Unicode@@QBE?AU1@XZ
classic	1.03	D2Lang.dll	10049	?toUnicode@Unicode@@SIPAU1@PAU1@PBDH@Z
classic	1.03	D2Lang.dll	10050	?toUpper@Unicode@@QBE?AU1@XZ
classic	1.03	D2Lang.dll	10051	?toUtf@Unicode@@SIPADPADPBU1@H@Z
classic	1.03	D2Lang.dll	10052	?unicode2Sys@Unicode@@SIPADPADPBU1@H@Z
classic	1.03	D2Lang.dll	10053	?unicode2Win@Unicode@@SIPADPADPBU1@H@Z
classic	1.03	D2Lang.dll	10054	?unicodeWidth@Unicode@@SIKPBDH@Z
classic	1.03	D2Lang.dll	10055	?unicodenwidth@Unicode@@SIIPBDH@Z
classic	1.03	D2Lang.dll	10056	?unloadSysMap@Unicode@@SIXXZ
classic	1.03	D2Lang.dll	10057	?utfnwidth@Unicode@@SIIPBU1@H@Z
classic	1.03	D2Lang.dll	10058	?utfwidth@Unicode@@QBEHXZ
classic	1.03	D2Lang.dll	10059	?win2Unicode@Unicode@@SIPAU1@PAU1@PBDH@Z
classic	1.04b	D2Lang.dll	10014	??0Unicode@@QAE@G@Z
classic	1.04b	D2Lang.dll	10015	??4Unicode@@QAEAAU0@ABU0@@Z
classic	1.04b	D2Lang.dll	10016	??BUnicode@@QBEGXZ
classic	1.04b	D2Lang.dll	10017	??_FUnicode@@QAEXXZ
classic	1.04b	D2Lang.dll	10018	?_toLowerTable@Unicode@@0PAGA
classic	1.04b	D2Lang.dll	10019	?_toUpperTable@Unicode@@0PAGA
classic	1.04b	D2Lang.dll	10020	?compare@Unicode@@QBEHU1@@Z
classic	1.04b	D2Lang.dll	10021	?compare@Unicode@@SIHU1@0@Z
classic	1.04b	D2Lang.dll	10022	?directionality@Unicode@@QAE?AW4Direction@1@XZ
classic	1.04b	D2Lang.dll	10023	?isASCII@Unicode@@QBEHXZ
classic	1.04b	D2Lang.dll	10024	?isAlpha@Unicode@@QBEHXZ
classic	1.04b	D2Lang.dll	10025	?isLeftToRight@Unicode@@QBEHXZ
classic	1.04b	D2Lang.dll	10026	?isLineBreak@Unicode@@SIHPBU1@I@Z
classic	1.04b	D2Lang.dll	10027	?isNewline@Unicode@@QBEHXZ
classic	1.04b	D2Lang.dll	10028	?isPipe@Unicode@@QBEHXZ
classic	1.04b	D2Lang.dll	10029	?isWhitespace@Unicode@@QBEHXZ
classic	1.04b	D2Lang.dll	10030	?isWordEnd@Unicode@@SIHPBU1@I@Z
classic	1.04b	D2Lang.dll	10031	?loadSysMap@Unicode@@SIHPAUHD2ARCHIVE__@@PBD@Z
classic	1.04b	D2Lang.dll	10032	?sprintf@Unicode@@SAXHPAU1@PBU1@ZZ
classic	1.04b	D2Lang.dll	10033	?strcat@Unicode@@SIPAU1@PAU1@PBU1@@Z
classic	1.04b	D2Lang.dll	10034	?strchr@Unicode@@SIPAU1@PBU1@U1@@Z
classic	1.04b	D2Lang.dll	10035	?strcmp@Unicode@@SIHPBU1@0@Z
classic	1.04b	D2Lang.dll	10036	?strcoll@Unicode@@SIHPBU1@0@Z
classic	1.04b	D2Lang.dll	10037	?strcpy@Unicode@@SIPAU1@PAU1@PBU1@@Z
classic	1.04b	D2Lang.dll	10038	?stricmp@Unicode@@SIHPBU1@0@Z
classic	1.04b	D2Lang.dll	10039	?strlen@Unicode@@SIHPBU1@@Z
classic	1.04b	D2Lang.dll	10040	?strncat@Unicode@@SIPAU1@PAU1@PBU1@H@Z
classic	1.04b	D2Lang.dll	10041	?strncoll@Unicode@@SIHPBU1@0H@Z
classic	1.04b	D2Lang.dll	10042	?strncpy@Unicode@@SIPAU1@PAU1@PBU1@H@Z
classic	1.04b	D2Lang.dll	10043	?strnicmp@Unicode@@SIHPBU1@0I@Z
classic	1.04b	D2Lang.dll	10044	?strstr@Unicode@@SIPAU1@PBU1@0@Z
classic	1.04b	D2Lang.dll	10045	?strstri@Unicode@@SIPAU1@PBU1@0@Z
classic	1.04b	D2Lang.dll	10046	?sys2Unicode@Unicode@@SIPAU1@PAU1@PBDH@Z
classic	1.04b	D2Lang.dll	10047	?sysWidth@Unicode@@SIKPBU1@H@Z
classic	1.04b	D2Lang.dll	10048	?toLower@Unicode@@QBE?AU1@XZ
classic	1.04b	D2Lang.dll	10049	?toUnicode@Unicode@@SIPAU1@PAU1@PBDH@Z
classic	1.04b	D2Lang.dll	10050	?toUpper@Unicode@@QBE?AU1@XZ
classic	1.04b	D2Lang.dll	10051	?toUtf@Unicode@@SIPADPADPBU1@H@Z
classic	1.04b	D2Lang.dll	10052	?unicode2Sys@Unicode@@SIPADPADPBU1@H@Z
classic	1.04b	D2Lang.dll	10053	?unicode2Win@Unicode@@SIPADPADPBU1@H@Z
classic	1.04b	D2Lang.dll	10054	?unicodeWidth@Unicode@@SIKPBDH@Z
classic	1.04b	D2Lang.dll	10055	?unicodenwidth@Unicode@@SIIPBDH@Z
classic	1.04b	D2Lang.dll	10056	?unloadSysMap@Unicode@@SIXXZ
classic	1.04b	D2Lang.dll	10057	?utfnwidth@Unicode@@SIIPBU1@H@Z
classic	1.04b	D2Lang.dll	10058	?utfwidth@Unicode@@QBEHXZ
classic	1.04b	D2Lang.dll	10059	?win2Unicode@Unicode@@SIPAU1@PAU1@PBDH@Z
classic	1.04c	D2Lang.dll	10014	??0Unicode@@QAE@G@Z
classic	1.04c	D2Lang.dll	10015	??4Unicode@@QAEAAU0@ABU0@@Z
classic	1.04c	D2Lang.dll	10016	??BUnicode@@QBEGXZ
classic	1.04c	D2Lang.dll	10017	??_FUnicode@@QAEXXZ
classic	1.04c	D2Lang.dll	10018	?_toLowerTable@Unicode@@0PAGA
classic	1.04c	D2Lang.dll	10019	?_toUpperTable@Unicode@@0PAGA
classic	1.04c	D2Lang.dll	10020	?compare@Unicode@@QBEHU1@@Z
classic	1.04c	D2Lang.dll	10021	?compare@Unicode@@SIHU1@0@Z
classic	1.04c	D2Lang.dll	10022	?directionality@Unicode@@QAE?AW4Direction@1@XZ
classic	1.04c	D2Lang.dll	10023	?isASCII@Unicode@@QBEHXZ
classic	1.04c	D2Lang.dll	10024	?isAlpha@Unicode@@QBEHXZ
classic	1.04c	D2Lang.dll	10025	?isLeftToRight@Unicode@@QBEHXZ
classic	1.04c	D2Lang.dll	10026	?isLineBreak@Unicode@@SIHPBU1@I@Z
classic	1.04c	D2Lang.dll	10027	?isNewline@Unicode@@QBEHXZ
classic	1.04c	D2Lang.dll	10028	?isPipe@Unicode@@QBEHXZ
classic	1.04c	D2Lang.dll	10029	?isWhitespace@Unicode@@QBEHXZ
classic	1.04c	D2Lang.dll	10030	?isWordEnd@Unicode@@SIHPBU1@I@Z
classic	1.04c	D2Lang.dll	10031	?loadSysMap@Unicode@@SIHPAUHD2ARCHIVE__@@PBD@Z
classic	1.04c	D2Lang.dll	10032	?sprintf@Unicode@@SAXHPAU1@PBU1@ZZ
classic	1.04c	D2Lang.dll	10033	?strcat@Unicode@@SIPAU1@PAU1@PBU1@@Z
classic	1.04c	D2Lang.dll	10034	?strchr@Unicode@@SIPAU1@PBU1@U1@@Z
classic	1.04c	D2Lang.dll	10035	?strcmp@Unicode@@SIHPBU1@0@Z
classic	1.04c	D2Lang.dll	10036	?strcoll@Unicode@@SIHPBU1@0@Z
classic	1.04c	D2Lang.dll	10037	?strcpy@Unicode@@SIPAU1@PAU1@PBU1@@Z
classic	1.04c	D2Lang.dll	10038	?stricmp@Unicode@@SIHPBU1@0@Z
classic	1.04c	D2Lang.dll	10039	?strlen@Unicode@@SIHPBU1@@Z
classic	1.04c	D2Lang.dll	10040	?strncat@Unicode@@SIPAU1@PAU1@PBU1@H@Z
classic	1.04c	D2Lang.dll	10041	?strncoll@Unicode@@SIHPBU1@0H@Z
classic	1.04c	D2Lang.dll	10042	?strncpy@Unicode@@SIPAU1@PAU1@PBU1@H@Z
classic	1.04c	D2Lang.dll	10043	?strnicmp@Unicode@@SIHPBU1@0I@Z
classic	1.04c	D2Lang.dll	10044	?strstr@Unicode@@SIPAU1@PBU1@0@Z
classic	1.04c	D2Lang.dll	10045	?strstri@Unicode@@SIPAU1@PBU1@0@Z
classic	1.04c	D2Lang.dll	10046	?sys2Unicode@Unicode@@SIPAU1@PAU1@PBDH@Z
classic	1.04c	D2Lang.dll	10047	?sysWidth@Unicode@@SIKPBU1@H@Z
classic	1.04c	D2Lang.dll	10048	?toLower@Unicode@@QBE?AU1@XZ
classic	1.04c	D2Lang.dll	10049	?toUnicode@Unicode@@SIPAU1@PAU1@PBDH@Z
classic	1.04c	D2Lang.dll	10050	?toUpper@Unicode@@QBE?AU1@XZ
classic	1.04c	D2Lang.dll	10051	?toUtf@Unicode@@SIPADPADPBU1@H@Z
classic	1.04c	D2Lang.dll	10052	?unicode2Sys@Unicode@@SIPADPADPBU1@H@Z
classic	1.04c	D2Lang.dll	10053	?unicode2Win@Unicode@@SIPADPADPBU1@H@Z
classic	1.04c	D2Lang.dll	10054	?unicodeWidth@Unicode@@SIKPBDH@Z
classic	1.04c	D2Lang.dll	10055	?unicodenwidth@Unicode@@SIIPBDH@Z
classic	1.04c	D2Lang.dll	10056	?unloadSysMap@Unicode@@SIXXZ
classic	1.04c	D2Lang.dll	10057	?utfnwidth@Unicode@@SIIPBU1@H@Z
classic	1.04c	D2Lang.dll	10058	?utfwidth@Unicode@@QBEHXZ
classic	1.04c	D2Lang.dll	10059	?win2Unicode@Unicode@@SIPAU1@PAU1@PBDH@Z
classic	1.05	D2Lang.dll	10014	??0Unicode@@QAE@G@Z
classic	1.05	D2Lang.dll	10015	??4Unicode@@QAEAAU0@ABU0@@Z
classic	1.05	D2Lang.dll	10016	??BUnicode@@QBEGXZ
classic	1.05	D2Lang.dll	10017	??_FUnicode@@QAEXXZ
classic	1.05	D2Lang.dll	10018	?_toLowerTable@Unicode@@0PAGA
classic	1.05	D2Lang.dll	10019	?_toUpperTable@Unicode@@0PAGA
classic	1.05	D2Lang.dll	10020	?compare@Unicode@@QBEHU1@@Z
classic	1.05	D2Lang.dll	10021	?compare@Unicode@@SIHU1@0@Z
classic	1.05	D2Lang.dll	10022	?directionality@Unicode@@QAE?AW4Direction@1@XZ
classic	1.05	D2Lang.dll	10023	?isASCII@Unicode@@QBEHXZ
classic	1.05	D2Lang.dll	10024	?isAlpha@Unicode@@QBEHXZ
classic	1.05	D2Lang.dll	10025	?isLeftToRight@Unicode@@QBEHXZ
classic	1.05	D2Lang.dll	10026	?isLineBreak@Unicode@@SIHPBU1@I@Z
classic	1.05	D2Lang.dll	10027	?isNewline@Unicode@@QBEHXZ
classic	1.05	D2Lang.dll	10028	?isPipe@Unicode@@QBEHXZ
classic	1.05	D2Lang.dll	10029	?isWhitespace@Unicode@@QBEHXZ
classic	1.05	D2Lang.dll	10030	?isWordEnd@Unicode@@SIHPBU1@I@Z
classic	1.05	D2Lang.dll	10031	?loadSysMap@Unicode@@SIHPAUHD2ARCHIVE__@@PBD@Z
classic	1.05	D2Lang.dll	10032	?sprintf@Unicode@@SAXHPAU1@PBU1@ZZ
classic	1.05	D2Lang.dll	10033	?strcat@Unicode@@SIPAU1@PAU1@PBU1@@Z
classic	1.05	D2Lang.dll	10034	?strchr@Unicode@@SIPAU1@PBU1@U1@@Z
classic	1.05	D2Lang.dll	10035	?strcmp@Unicode@@SIHPBU1@0@Z
classic	1.05	D2Lang.dll	10036	?strcoll@Unicode@@SIHPBU1@0@Z
classic	1.05	D2Lang.dll	10037	?strcpy@Unicode@@SIPAU1@PAU1@PBU1@@Z
classic	1.05	D2Lang.dll	10038	?stricmp@Unicode@@SIHPBU1@0@Z
classic	1.05	D2Lang.dll	10039	?strlen@Unicode@@SIHPBU1@@Z
classic	1.05	D2Lang.dll	10040	?strncat@Unicode@@SIPAU1@PAU1@PBU1@H@Z
classic	1.05	D2Lang.dll	10041	?strncoll@Unicode@@SIHPBU1@0H@Z
classic	1.05	D2Lang.dll	10042	?strncpy@Unicode@@SIPAU1@PAU1@PBU1@H@Z
classic	1.05	D2Lang.dll	10043	?strnicmp@Unicode@@SIHPBU1@0I@Z
classic	1.05	D2Lang.dll	10044	?strstr@Unicode@@SIPAU1@PBU1@0@Z
classic	1.05	D2Lang.dll	10045	?strstri@Unicode@@SIPAU1@PBU1@0@Z
classic	1.05	D2Lang.dll	10046	?sys2Unicode@Unicode@@SIPAU1@PAU1@PBDH@Z
classic	1.05	D2Lang.dll	10047	?sysWidth@Unicode@@SIKPBU1@H@Z
classic	1.05	D2Lang.dll	10048	?toLower@Unicode@@QBE?AU1@XZ
classic	1.05	D2Lang.dll	10049	?toUnicode@Unicode@@SIPAU1@PAU1@PBDH@Z
classic	1.05	D2Lang.dll	10050	?toUpper@Unicode@@QBE?AU1@XZ
classic	1.05	D2Lang.dll	10051	?toUtf@Unicode@@SIPADPADPBU1@H@Z
classic	1.05	D2Lang.dll	10052	?unicode2Sys@Unicode@@SIPADPADPBU1@H@Z
classic	1.05	D2Lang.dll	10053	?unicode2Win@Unicode@@SIPADPADPBU1@H@Z
classic	1.05	D2Lang.dll	10054	?unicodeWidth@Unicode@@SIKPBDH@Z
classic	1.05	D2Lang.dll	10055	?unicodenwidth@Unicode@@SIIPBDH@Z
classic	1.05	D2Lang.dll	10056	?unloadSysMap@Unicode@@SIXXZ
classic	1.05	D2Lang.dll	10057	?utfnwidth@Unicode@@SIIPBU1@H@Z
classic	1.05	D2Lang.dll	10058	?utfwidth@Unicode@@QBEHXZ
classic	1.05	D2Lang.dll	10059	?win2Unicode@Unicode@@SIPAU1@PAU1@PBDH@Z
classic	1.05b	D2Lang.dll	10014	??0Unicode@@QAE@G@Z
classic	1.05b	D2Lang.dll	10015	??4Unicode@@QAEAAU0@ABU0@@Z
classic	1.05b	D2Lang.dll	10016	??BUnicode@@QBEGXZ
classic	1.05b	D2Lang.dll	10017	??_FUnicode@@QAEXXZ
classic	1.05b	D2Lang.dll	10018	?_toLowerTable@Unicode@@0PAGA
classic	1.05b	D2Lang.dll	10019	?_toUpperTable@Unicode@@0PAGA
classic	1.05b	D2Lang.dll	10020	?compare@Unicode@@QBEHU1@@Z
classic	1.05b	D2Lang.dll	10021	?compare@Unicode@@SIHU1@0@Z
classic	1.05b	D2Lang.dll	10022	?directionality@Unicode@@QAE?AW4Direction@1@XZ
classic	1.05b	D2Lang.dll	10023	?isASCII@Unicode@@QBEHXZ
classic	1.05b	D2Lang.dll	10024	?isAlpha@Unicode@@QBEHXZ
classic	1.05b	D2Lang.dll	10025	?isLeftToRight@Unicode@@QBEHXZ
classic	1.05b	D2Lang.dll	10026	?isLineBreak@Unicode@@SIHPBU1@I@Z
classic	1.05b	D2Lang.dll	10027	?isNewline@Unicode@@QBEHXZ
classic	1.05b	D2Lang.dll	10028	?isPipe@Unicode@@QBEHXZ
classic	1.05b	D2Lang.dll	10029	?isWhitespace@Unicode@@QBEHXZ
classic	1.05b	D2Lang.dll	10030	?isWordEnd@Unicode@@SIHPBU1@I@Z
classic	1.05b	D2Lang.dll	10031	?loadSysMap@Unicode@@SIHPAUHD2ARCHIVE__@@PBD@Z
classic	1.05b	D2Lang.dll	10032	?sprintf@Unicode@@SAXHPAU1@PBU1@ZZ
classic	1.05b	D2Lang.dll	10033	?strcat@Unicode@@SIPAU1@PAU1@PBU1@@Z
classic	1.05b	D2Lang.dll	10034	?strchr@Unicode@@SIPAU1@PBU1@U1@@Z
classic	1.05b	D2Lang.dll	10035	?strcmp@Unicode@@SIHPBU1@0@Z
classic	1.05b	D2Lang.dll	10036	?strcoll@Unicode@@SIHPBU1@0@Z
classic	1.05b	D2Lang.dll	10037	?strcpy@Unicode@@SIPAU1@PAU1@PBU1@@Z
classic	1.05b	D2Lang.dll	10038	?stricmp@Unicode@@SIHPBU1@0@Z
classic	1.05b	D2Lang.dll	10039	?strlen@Unicode@@SIHPBU1@@Z
classic	1.05b	D2Lang.dll	10040	?strncat@Unicode@@SIPAU1@PAU1@PBU1@H@Z
classic	1.05b	D2Lang.dll	10041	?strncoll@Unicode@@SIHPBU1@0H@Z
classic	1.05b	D2Lang.dll	10042	?strncpy@Unicode@@SIPAU1@PAU1@PBU1@H@Z
classic	1.05b	D2Lang.dll	10043	?strnicmp@Unicode@@SIHPBU1@0I@Z
classic	1.05b	D2Lang.dll	10044	?strstr@Unicode@@SIPAU1@PBU1@0@Z
classic	1.05b	D2Lang.dll	10045	?strstri@Unicode@@SIPAU1@PBU1@0@Z
classic	1.05b	D2Lang.dll	10046	?sys2Unicode@Unicode@@SIPAU1@PAU1@PBDH@Z
classic	1.05b	D2Lang.dll	10047	?sysWidth@Unicode@@SIKPBU1@H@Z
classic	1.05b	D2Lang.dll	10048	?toLower@Unicode@@QBE?AU1@XZ
classic	1.05b	D2Lang.dll	10049	?toUnicode@Unicode@@SIPAU1@PAU1@PBDH@Z
classic	1.05b	D2Lang.dll	10050	?toUpper@Unicode@@QBE?AU1@XZ
classic	1.05b	D2Lang.dll	10051	?toUtf@Unicode@@SIPADPADPBU1@H@Z
classic	1.05b	D2Lang.dll	10052	?unicode2Sys@Unicode@@SIPADPADPBU1@H@Z
classic	1.05b	D2Lang.dll	10053	?unicode2Win@Unicode@@SIPADPADPBU1@H@Z
classic	1.05b	D2Lang.dll	10054	?unicodeWidth@Unicode@@SIKPBDH@Z
classic	1.05b	D2Lang.dll	10055	?unicodenwidth@Unicode@@SIIPBDH@Z
classic	1.05b	D2Lang.dll	10056	?unloadSysMap@Unicode@@SIXXZ
classic	1.05b	D2Lang.dll	10057	?utfnwidth@Unicode@@SIIPBU1@H@Z
classic	1.05b	D2Lang.dll	10058	?utfwidth@Unicode@@QBEHXZ
classic	1.05b	D2Lang.dll	10059	?win2Unicode@Unicode@@SIPAU1@PAU1@PBDH@Z
classic	1.06	D2Lang.dll	10014	??0Unicode@@QAE@G@Z
classic	1.06	D2Lang.dll	10015	??4Unicode@@QAEAAU0@ABU0@@Z
classic	1.06	D2Lang.dll	10016	??BUnicode@@QBEGXZ
classic	1.06	D2Lang.dll	10017	??_FUnicode@@QAEXXZ
classic	1.06	D2Lang.dll	10018	?_toLowerTable@Unicode@@0PAGA
classic	1.06	D2Lang.dll	10019	?_toUpperTable@Unicode@@0PAGA
classic	1.06	D2Lang.dll	10020	?compare@Unicode@@QBEHU1@@Z
classic	1.06	D2Lang.dll	10021	?compare@Unicode@@SIHU1@0@Z
classic	1.06	D2Lang.dll	10022	?directionality@Unicode@@QAE?AW4Direction@1@XZ
classic	1.06	D2Lang.dll	10023	?isASCII@Unicode@@QBEHXZ
classic	1.06	D2Lang.dll	10024	?isAlpha@Unicode@@QBEHXZ
classic	1.06	D2Lang.dll	10025	?isLeftToRight@Unicode@@QBEHXZ
classic	1.06	D2Lang.dll	10026	?isLineBreak@Unicode@@SIHPBU1@I@Z
classic	1.06	D2Lang.dll	10027	?isNewline@Unicode@@QBEHXZ
classic	1.06	D2Lang.dll	10028	?isPipe@Unicode@@QBEHXZ
classic	1.06	D2Lang.dll	10029	?isWhitespace@Unicode@@QBEHXZ
classic	1.06	D2Lang.dll	10030	?isWordEnd@Unicode@@SIHPBU1@I@Z
classic	1.06	D2Lang.dll	10031	?loadSysMap@Unicode@@SIHPAUHD2ARCHIVE__@@PBD@Z
classic	1.06	D2Lang.dll	10032	?sprintf@Unicode@@SAXHPAU1@PBU1@ZZ
classic	1.06	D2Lang.dll	10033	?strcat@Unicode@@SIPAU1@PAU1@PBU1@@Z
classic	1.06	D2Lang.dll	10034	?strchr@Unicode@@SIPAU1@PBU1@U1@@Z
classic	1.06	D2Lang.dll	10035	?strcmp@Unicode@@SIHPBU1@0@Z
classic	1.06	D2Lang.dll	10036	?strcoll@Unicode@@SIHPBU1@0@Z
classic	1.06	D2Lang.dll	10037	?strcpy@Unicode@@SIPAU1@PAU1@PBU1@@Z
classic	1.06	D2Lang.dll	10038	?stricmp@Unicode@@SIHPBU1@0@Z
classic	1.06	D2Lang.dll	10039	?strlen@Unicode@@SIHPBU1@@Z
classic	1.06	D2Lang.dll	10040	?strncat@Unicode@@SIPAU1@PAU1@PBU1@H@Z
classic	1.06	D2Lang.dll	10041	?strncoll@Unicode@@SIHPBU1@0H@Z
classic	1.06	D2Lang.dll	10042	?strncpy@Unicode@@SIPAU1@PAU1@PBU1@H@Z
classic	1.06	D2Lang.dll	10043	?strnicmp@Unicode@@SIHPBU1@0I@Z
classic	1.06	D2Lang.dll	10044	?strstr@Unicode@@SIPAU1@PBU1@0@Z
classic	1.06	D2Lang.dll	10045	?strstri@Unicode@@SIPAU1@PBU1@0@Z
classic	1.06	D2Lang.dll	10046	?sys2Unicode@Unicode@@SIPAU1@PAU1@PBDH@Z
classic	1.06	D2Lang.dll	10047	?sysWidth@Unicode@@SIKPBU1@H@Z
classic	1.06	D2Lang.dll	10048	?toLower@Unicode@@QBE?AU1@XZ
classic	1.06	D2Lang.dll	10049	?toUnicode@Unicode@@SIPAU1@PAU1@PBDH@Z
classic	1.06	D2Lang.dll	10050	?toUpper@Unicode@@QBE?AU1@XZ
classic	1.06	D2Lang.dll	10051	?toUtf@Unicode@@SIPADPADPBU1@H@Z
classic	1.06	D2Lang.dll	10052	?unicode2Sys@Unicode@@SIPADPADPBU1@H@Z
classic	1.06	D2Lang.dll	10053	?unicode2Win@Unicode@@SIPADPADPBU1@H@Z
classic	1.06	D2Lang.dll	10054	?unicodeWidth@Unicode@@SIKPBDH@Z
classic	1.06	D2Lang.dll	10055	?unicodenwidth@Unicode@@SIIPBDH@Z
classic	1.06	D2Lang.dll	10056	?unloadSysMap@Unicode@@SIXXZ
classic	1.06	D2Lang.dll	10057	?utfnwidth@Unicode@@SIIPBU1@H@Z
classic	1.06	D2Lang.dll	10058	?utfwidth@Unicode@@QBEHXZ
classic	1.06	D2Lang.dll	10059	?win2Unicode@Unicode@@SIPAU1@PAU1@PBDH@Z
classic	1.06b	D2Lang.dll	10014	??0Unicode@@QAE@G@Z
classic	1.06b	D2Lang.dll	10015	??4Unicode@@QAEAAU0@ABU0@@Z
classic	1.06b	D2Lang.dll	10016	??BUnicode@@QBEGXZ
classic	1.06b	D2Lang.dll	10017	??_FUnicode@@QAEXXZ
classic	1.06b	D2Lang.dll	10018	?_toLowerTable@Unicode@@0PAGA
classic	1.06b	D2Lang.dll	10019	?_toUpperTable@Unicode@@0PAGA
classic	1.06b	D2Lang.dll	10020	?compare@Unicode@@QBEHU1@@Z
classic	1.06b	D2Lang.dll	10021	?compare@Unicode@@SIHU1@0@Z
classic	1.06b	D2Lang.dll	10022	?directionality@Unicode@@QAE?AW4Direction@1@XZ
classic	1.06b	D2Lang.dll	10023	?isASCII@Unicode@@QBEHXZ
classic	1.06b	D2Lang.dll	10024	?isAlpha@Unicode@@QBEHXZ
classic	1.06b	D2Lang.dll	10025	?isLeftToRight@Unicode@@QBEHXZ
classic	1.06b	D2Lang.dll	10026	?isLineBreak@Unicode@@SIHPBU1@I@Z
classic	1.06b	D2Lang.dll	10027	?isNewline@Unicode@@QBEHXZ
classic	1.06b	D2Lang.dll	10028	?isPipe@Unicode@@QBEHXZ
classic	1.06b	D2Lang.dll	10029	?isWhitespace@Unicode@@QBEHXZ
classic	1.06b	D2Lang.dll	10030	?isWordEnd@Unicode@@SIHPBU1@I@Z
classic	1.06b	D2Lang.dll	10031	?loadSysMap@Unicode@@SIHPAUHD2ARCHIVE__@@PBD@Z
classic	1.06b	D2Lang.dll	10032	?sprintf@Unicode@@SAXHPAU1@PBU1@ZZ
classic	1.06b	D2Lang.dll	10033	?strcat@Unicode@@SIPAU1@PAU1@PBU1@@Z
classic	1.06b	D2Lang.dll	10034	?strchr@Unicode@@SIPAU1@PBU1@U1@@Z
classic	1.06b	D2Lang.dll	10035	?strcmp@Unicode@@SIHPBU1@0@Z
classic	1.06b	D2Lang.dll	10036	?strcoll@Unicode@@SIHPBU1@0@Z
classic	1.06b	D2Lang.dll	10037	?strcpy@Unicode@@SIPAU1@PAU1@PBU1@@Z
classic	1.06b	D2Lang.dll	10038	?stricmp@Unicode@@SIHPBU1@0@Z
classic	1.06b	D2Lang.dll	10039	?strlen@Unicode@@SIHPBU1@@Z
classic	1.06b	D2Lang.dll	10040	?strncat@Unicode@@SIPAU1@PAU1@PBU1@H@Z
classic	1.06b	D2Lang.dll	10041	?strncoll@Unicode@@SIHPBU1@0H@Z
classic	1.06b	D2Lang.dll	10042	?strncpy@Unicode@@SIPAU1@PAU1@PBU1@H@Z
classic	1.06b	D2Lang.dll	10043	?strnicmp@Unicode@@SIHPBU1@0I@Z
classic	1.06b	D2Lang.dll	10044	?strstr@Unicode@@SIPAU1@PBU1@0@Z
classic	1.06b	D2Lang.dll	10045	?strstri@Unicode@@SIPAU1@PBU1@0@Z
classic	1.06b	D2Lang.dll	10046	?sys2Unicode@Unicode@@SIPAU1@PAU1@PBDH@Z
classic	1.06b	D2Lang.dll	10047	?sysWidth@Unicode@@SIKPBU1@H@Z
classic	1.06b	D2Lang.dll	10048	?toLower@Unicode@@QBE?AU1@XZ
classic	1.06b	D2Lang.dll	10049	?toUnicode@Unicode@@SIPAU1@PAU1@PBDH@Z
classic	1.06b	D2Lang.dll	10050	?toUpper@Unicode@@QBE?AU1@XZ
classic	1.06b	D2Lang.dll	10051	?toUtf@Unicode@@SIPADPADPBU1@H@Z
classic	1.06b	D2Lang.dll	10052	?unicode2Sys@Unicode@@SIPADPADPBU1@H@Z
classic	1.06b	D2Lang.dll	10053	?unicode2Win@Unicode@@SIPADPADPBU1@H@Z
classic	1.06b	D2Lang.dll	10054	?unicodeWidth@Unicode@@SIKPBDH@Z
classic	1.06b	D2Lang.dll	10055	?unicodenwidth@Unicode@@SIIPBDH@Z
classic	1.06b	D2Lang.dll	10056	?unloadSysMap@Unicode@@SIXXZ
classic	1.06b	D2Lang.dll	10057	?utfnwidth@Unicode@@SIIPBU1@H@Z
classic	1.06b	D2Lang.dll	10058	?utfwidth@Unicode@@QBEHXZ
classic	1.06b	D2Lang.dll	10059	?win2Unicode@Unicode@@SIPAU1@PAU1@PBDH@Z
classic	1.08	D2Lang.dll	10014	??0Unicode@@QAE@G@Z
classic	1.08	D2Lang.dll	10015	??4Unicode@@QAEAAU0@ABU0@@Z
classic	1.08	D2Lang.dll	10016	??BUnicode@@QBEGXZ
classic	1.08	D2Lang.dll	10017	??_FUnicode@@QAEXXZ
classic	1.08	D2Lang.dll	10018	?Personalize@Unicode@@SIXPAU1@PBU1@1HW4ELANGUAGE@@@Z
classic	1.08	D2Lang.dll	10019	?_toLowerTable@Unicode@@0PAGA
classic	1.08	D2Lang.dll	10020	?_toUpperTable@Unicode@@0PAGA
classic	1.08	D2Lang.dll	10021	?compare@Unicode@@QBEHU1@@Z
classic	1.08	D2Lang.dll	10022	?compare@Unicode@@SIHU1@0@Z
classic	1.08	D2Lang.dll	10023	?directionality@Unicode@@QAE?AW4Direction@1@XZ
classic	1.08	D2Lang.dll	10024	?isASCII@Unicode@@QBEHXZ
classic	1.08	D2Lang.dll	10025	?isAlpha@Unicode@@QBEHXZ
classic	1.08	D2Lang.dll	10026	?isLeftToRight@Unicode@@QBEHXZ
classic	1.08	D2Lang.dll	10027	?isLineBreak@Unicode@@SIHPBU1@I@Z
classic	1.08	D2Lang.dll	10028	?isNewline@Unicode@@QBEHXZ
classic	1.08	D2Lang.dll	10029	?isPipe@Unicode@@QBEHXZ
classic	1.08	D2Lang.dll	10030	?isWhitespace@Unicode@@QBEHXZ
classic	1.08	D2Lang.dll	10031	?isWordEnd@Unicode@@SIHPBU1@I@Z
classic	1.08	D2Lang.dll	10032	?loadSysMap@Unicode@@SIHPAUHD2ARCHIVE__@@PBD@Z
classic	1.08	D2Lang.dll	10033	?sprintf@Unicode@@SAXHPAU1@PBU1@ZZ
classic	1.08	D2Lang.dll	10034	?strcat@Unicode@@SIPAU1@PAU1@PBU1@@Z
classic	1.08	D2Lang.dll	10035	?strchr@Unicode@@SIPAU1@PBU1@U1@@Z
classic	1.08	D2Lang.dll	10036	?strcmp@Unicode@@SIHPBU1@0@Z
classic	1.08	D2Lang.dll	10037	?strcoll@Unicode@@SIHPBU1@0@Z
classic	1.08	D2Lang.dll	10038	?strcpy@Unicode@@SIPAU1@PAU1@PBU1@@Z
classic	1.08	D2Lang.dll	10039	?stricmp@Unicode@@SIHPBU1@0@Z
classic	1.08	D2Lang.dll	10040	?strlen@Unicode@@SIHPBU1@@Z
classic	1.08	D2Lang.dll	10041	?strncat@Unicode@@SIPAU1@PAU1@PBU1@H@Z
classic	1.08	D2Lang.dll	10042	?strncoll@Unicode@@SIHPBU1@0H@Z
classic	1.08	D2Lang.dll	10043	?strncpy@Unicode@@SIPAU1@PAU1@PBU1@H@Z
classic	1.08	D2Lang.dll	10044	?strnicmp@Unicode@@SIHPBU1@0I@Z
classic	1.08	D2Lang.dll	10045	?strstr@Unicode@@SIPAU1@PBU1@0@Z
classic	1.08	D2Lang.dll	10046	?strstri@Unicode@@SIPAU1@PBU1@0@Z
classic	1.08	D2Lang.dll	10047	?sys2Unicode@Unicode@@SIPAU1@PAU1@PBDH@Z
classic	1.08	D2Lang.dll	10048	?sysWidth@Unicode@@SIKPBU1@H@Z
classic	1.08	D2Lang.dll	10049	?toLower@Unicode@@QBE?AU1@XZ
classic	1.08	D2Lang.dll	10050	?toUnicode@Unicode@@SIPAU1@PAU1@PBDH@Z
classic	1.08	D2Lang.dll	10051	?toUpper@Unicode@@QBE?AU1@XZ
classic	1.08	D2Lang.dll	10052	?toUtf@Unicode@@SIPADPADPBU1@H@Z
classic	1.08	D2Lang.dll	10053	?unicode2Sys@Unicode@@SIPADPADPBU1@H@Z
classic	1.08	D2Lang.dll	10054	?unicode2Win@Unicode@@SIPADPADPBU1@H@Z
classic	1.08	D2Lang.dll	10055	?unicodeWidth@Unicode@@SIKPBDH@Z
classic	1.08	D2Lang.dll	10056	?unicodenwidth@Unicode@@SIIPBDH@Z
classic	1.08	D2Lang.dll	10057	?unloadSysMap@Unicode@@SIXXZ
classic	1.08	D2Lang.dll	10058	?utfnwidth@Unicode@@SIIPBU1@H@Z
classic	1.08	D2Lang.dll	10059	?utfwidth@Unicode@@QBEHXZ
classic	1.08	D2Lang.dll	10060	?win2Unicode@Unicode@@SIPAU1@PAU1@PBDH@Z
classic	1.09	D2Lang.dll	10014	??0Unicode@@QAE@G@Z
classic	1.09	D2Lang.dll	10015	??4Unicode@@QAEAAU0@ABU0@@Z
classic	1.09	D2Lang.dll	10016	??BUnicode@@QBEGXZ
classic	1.09	D2Lang.dll	10017	??_FUnicode@@QAEXXZ
classic	1.09	D2Lang.dll	10018	?Personalize@Unicode@@SIXPAU1@PBU1@1HW4ELANGUAGE@@@Z
classic	1.09	D2Lang.dll	10019	?_toLowerTable@Unicode@@0PAGA
classic	1.09	D2Lang.dll	10020	?_toUpperTable@Unicode@@0PAGA
classic	1.09	D2Lang.dll	10021	?compare@Unicode@@QBEHU1@@Z
classic	1.09	D2Lang.dll	10022	?compare@Unicode@@SIHU1@0@Z
classic	1.09	D2Lang.dll	10023	?directionality@Unicode@@QAE?AW4Direction@1@XZ
classic	1.09	D2Lang.dll	10024	?isASCII@Unicode@@QBEHXZ
classic	1.09	D2Lang.dll	10025	?isAlpha@Unicode@@QBEHXZ
classic	1.09	D2Lang.dll	10026	?isLeftToRight@Unicode@@QBEHXZ
classic	1.09	D2Lang.dll	10027	?isLineBreak@Unicode@@SIHPBU1@I@Z
classic	1.09	D2Lang.dll	10028	?isNewline@Unicode@@QBEHXZ
classic	1.09	D2Lang.dll	10029	?isPipe@Unicode@@QBEHXZ
classic	1.09	D2Lang.dll	10030	?isWhitespace@Unicode@@QBEHXZ
classic	1.09	D2Lang.dll	10031	?isWordEnd@Unicode@@SIHPBU1@I@Z
classic	1.09	D2Lang.dll	10032	?loadSysMap@Unicode@@SIHPAUHD2ARCHIVE__@@PBD@Z
classic	1.09	D2Lang.dll	10033	?sprintf@Unicode@@SAXHPAU1@PBU1@ZZ
classic	1.09	D2Lang.dll	10034	?strcat@Unicode@@SIPAU1@PAU1@PBU1@@Z
classic	1.09	D2Lang.dll	10035	?strchr@Unicode@@SIPAU1@PBU1@U1@@Z
classic	1.09	D2Lang.dll	10036	?strcmp@Unicode@@SIHPBU1@0@Z
classic	1.09	D2Lang.dll	10037	?strcoll@Unicode@@SIHPBU1@0@Z
classic	1.09	D2Lang.dll	10038	?strcpy@Unicode@@SIPAU1@PAU1@PBU1@@Z
classic	1.09	D2Lang.dll	10039	?stricmp@Unicode@@SIHPBU1@0@Z
classic	1.09	D2Lang.dll	10040	?strlen@Unicode@@SIHPBU1@@Z
classic	1.09	D2Lang.dll	10041	?strncat@Unicode@@SIPAU1@PAU1@PBU1@H@Z
classic	1.09	D2Lang.dll	10042	?strncoll@Unicode@@SIHPBU1@0H@Z
classic	1.09	D2Lang.dll	10043	?strncpy@Unicode@@SIPAU1@PAU1@PBU1@H@Z
classic	1.09	D2Lang.dll	10044	?strnicmp@Unicode@@SIHPBU1@0I@Z
classic	1.09	D2Lang.dll	10045	?strstr@Unicode@@SIPAU1@PBU1@0@Z
classic	1.09	D2Lang.dll	10046	?strstri@Unicode@@SIPAU1@PBU1@0@Z
classic	1.09	D2Lang.dll	10047	?sys2Unicode@Unicode@@SIPAU1@PAU1@PBDH@Z
classic	1.09	D2Lang.dll	10048	?sysWidth@Unicode@@SIKPBU1@H@Z
classic	1.09	D2Lang.dll	10049	?toLower@Unicode@@QBE?AU1@XZ
classic	1.09	D2Lang.dll	10050	?toUnicode@Unicode@@SIPAU1@PAU1@PBDH@Z
classic	1.09	D2Lang.dll	10051	?toUpper@Unicode@@QBE?AU1@XZ
classic	1.09	D2Lang.dll	10052	?toUtf@Unicode@@SIPADPADPBU1@H@Z
classic	1.09	D2Lang.dll	10053	?unicode2Sys@Unicode@@SIPADPADPBU1@H@Z
classic	1.09	D2Lang.dll	10054	?unicode2Win@Unicode@@SIPADPADPBU1@H@Z
classic	1.09	D2Lang.dll	10055	?unicodeWidth@Unicode@@SIKPBDH@Z
classic	1.09	D2Lang.dll	10056	?unicodenwidth@Unicode@@SIIPBDH@Z
classic	1.09	D2Lang.dll	10057	?unloadSysMap@Unicode@@SIXXZ
classic	1.09	D2Lang.dll	10058	?utfnwidth@Unicode@@SIIPBU1@H@Z
classic	1.09	D2Lang.dll	10059	?utfwidth@Unicode@@QBEHXZ
classic	1.09	D2Lang.dll	10060	?win2Unicode@Unicode@@SIPAU1@PAU1@PBDH@Z
classic	1.09b	D2Lang.dll	10014	??0Unicode@@QAE@G@Z
classic	1.09b	D2Lang.dll	10015	??4Unicode@@QAEAAU0@ABU0@@Z
classic	1.09b	D2Lang.dll	10016	??BUnicode@@QBEGXZ
classic	1.09b	D2Lang.dll	10017	??_FUnicode@@QAEXXZ
classic	1.09b	D2Lang.dll	10018	?Personalize@Unicode@@SIXPAU1@PBU1@1HW4ELANGUAGE@@@Z
classic	1.09b	D2Lang.dll	10019	?_toLowerTable@Unicode@@0PAGA
classic	1.09b	D2Lang.dll	10020	?_toUpperTable@Unicode@@0PAGA
classic	1.09b	D2Lang.dll	10021	?compare@Unicode@@QBEHU1@@Z
classic	1.09b	D2Lang.dll	10022	?compare@Unicode@@SIHU1@0@Z
classic	1.09b	D2Lang.dll	10023	?directionality@Unicode@@QAE?AW4Direction@1@XZ
classic	1.09b	D2Lang.dll	10024	?isASCII@Unicode@@QBEHXZ
classic	1.09b	D2Lang.dll	10025	?isAlpha@Unicode@@QBEHXZ
classic	1.09b	D2Lang.dll	10026	?isLeftToRight@Unicode@@QBEHXZ
classic	1.09b	D2Lang.dll	10027	?isLineBreak@Unicode@@SIHPBU1@I@Z
classic	1.09b	D2Lang.dll	10028	?isNewline@Unicode@@QBEHXZ
classic	1.09b	D2Lang.dll	10029	?isPipe@Unicode@@QBEHXZ
classic	1.09b	D2Lang.dll	10030	?isWhitespace@Unicode@@QBEHXZ
classic	1.09b	D2Lang.dll	10031	?isWordEnd@Unicode@@SIHPBU1@I@Z
classic	1.09b	D2Lang.dll	10032	?loadSysMap@Unicode@@SIHPAUHD2ARCHIVE__@@PBD@Z
classic	1.09b	D2Lang.dll	10033	?sprintf@Unicode@@SAXHPAU1@PBU1@ZZ
classic	1.09b	D2Lang.dll	10034	?strcat@Unicode@@SIPAU1@PAU1@PBU1@@Z
classic	1.09b	D2Lang.dll	10035	?strchr@Unicode@@SIPAU1@PBU1@U1@@Z
classic	1.09b	D2Lang.dll	10036	?strcmp@Unicode@@SIHPBU1@0@Z
classic	1.09b	D2Lang.dll	10037	?strcoll@Unicode@@SIHPBU1@0@Z
classic	1.09b	D2Lang.dll	10038	?strcpy@Unicode@@SIPAU1@PAU1@PBU1@@Z
classic	1.09b	D2Lang.dll	10039	?stricmp@Unicode@@SIHPBU1@0@Z
classic	1.09b	D2Lang.dll	10040	?strlen@Unicode@@SIHPBU1@@Z
classic	1.09b	D2Lang.dll	10041	?strncat@Unicode@@SIPAU1@PAU1@PBU1@H@Z
classic	1.09b	D2Lang.dll	10042	?strncoll@Unicode@@SIHPBU1@0H@Z
classic	1.09b	D2Lang.dll	10043	?strncpy@Unicode@@SIPAU1@PAU1@PBU1@H@Z
classic	1.09b	D2Lang.dll	10044	?strnicmp@Unicode@@SIHPBU1@0I@Z
classic	1.09b	D2Lang.dll	10045	?strstr@Unicode@@SIPAU1@PBU1@0@Z
classic	1.09b	D2Lang.dll	10046	?strstri@Unicode@@SIPAU1@PBU1@0@Z
classic	1.09b	D2Lang.dll	10047	?sys2Unicode@Unicode@@SIPAU1@PAU1@PBDH@Z
classic	1.09b	D2Lang.dll	10048	?sysWidth@Unicode@@SIKPBU1@H@Z
classic	1.09b	D2Lang.dll	10049	?toLower@Unicode@@QBE?AU1@XZ
classic	1.09b	D2Lang.dll	10050	?toUnicode@Unicode@@SIPAU1@PAU1@PBDH@Z
classic	1.09b	D2Lang.dll	10051	?toUpper@Unicode@@QBE?AU1@XZ
classic	1.09b	D2Lang.dll	10052	?toUtf@Unicode@@SIPADPADPBU1@H@Z
classic	1.09b	D2Lang.dll	10053	?unicode2Sys@Unicode@@SIPADPADPBU1@H@Z
classic	1.09b	D2Lang.dll	10054	?unicode2Win@Unicode@@SIPADPADPBU1@H@Z
classic	1.09b	D2Lang.dll	10055	?unicodeWidth@Unicode@@SIKPBDH@Z
classic	1.09b	D2Lang.dll	10056	?unicodenwidth@Unicode@@SIIPBDH@Z
classic	1.09b	D2Lang.dll	10057	?unloadSysMap@Unicode@@SIXXZ
classic	1.09b	D2Lang.dll	10058	?utfnwidth@Unicode@@SIIPBU1@H@Z
classic	1.09b	D2Lang.dll	10059	?utfwidth@Unicode@@QBEHXZ
classic	1.09b	D2Lang.dll	10060	?win2Unicode@Unicode@@SIPAU1@PAU1@PBDH@Z
classic	1.09d	D2Lang.dll	10014	??0Unicode@@QAE@G@Z
classic	1.09d	D2Lang.dll	10015	??4Unicode@@QAEAAU0@ABU0@@Z
classic	1.09d	D2Lang.dll	10016	??BUnicode@@QBEGXZ
classic	1.09d	D2Lang.dll	10017	??_FUnicode@@QAEXXZ
classic	1.09d	D2Lang.dll	10018	?Personalize@Unicode@@SIXPAU1@PBU1@1HW4ELANGUAGE@@@Z
classic	1.09d	D2Lang.dll	10019	?_toLowerTable@Unicode@@0PAGA
classic	1.09d	D2Lang.dll	10020	?_toUpperTable@Unicode@@0PAGA
classic	1.09d	D2Lang.dll	10021	?compare@Unicode@@QBEHU1@@Z
classic	1.09d	D2Lang.dll	10022	?compare@Unicode@@SIHU1@0@Z
classic	1.09d	D2Lang.dll	10023	?directionality@Unicode@@QAE?AW4Direction@1@XZ
classic	1.09d	D2Lang.dll	10024	?isASCII@Unicode@@QBEHXZ
classic	1.09d	D2Lang.dll	10025	?isAlpha@Unicode@@QBEHXZ
classic	1.09d	D2Lang.dll	10026	?isLeftToRight@Unicode@@QBEHXZ
classic	1.09d	D2Lang.dll	10027	?isLineBreak@Unicode@@SIHPBU1@I@Z
classic	1.09d	D2Lang.dll	10028	?isNewline@Unicode@@QBEHXZ
classic	1.09d	D2Lang.dll	10029	?isPipe@Unicode@@QBEHXZ
classic	1.09d	D2Lang.dll	10030	?isWhitespace@Unicode@@QBEHXZ
classic	1.09d	D2Lang.dll	10031	?isWordEnd@Unicode@@SIHPBU1@I@Z
classic	1.09d	D2Lang.dll	10032	?loadSysMap@Unicode@@SIHPAUHD2ARCHIVE__@@PBD@Z
classic	1.09d	D2Lang.dll	10033	?sprintf@Unicode@@SAXHPAU1@PBU1@ZZ
classic	1.09d	D2Lang.dll	10034	?strcat@Unicode@@SIPAU1@PAU1@PBU1@@Z
classic	1.09d	D2Lang.dll	10035	?strchr@Unicode@@SIPAU1@PBU1@U1@@Z
classic	1.09d	D2Lang.dll	10036	?strcmp@Unicode@@SIHPBU1@0@Z
classic	1.09d	D2Lang.dll	10037	?strcoll@Unicode@@SIHPBU1@0@Z
classic	1.09d	D2Lang.dll	10038	?strcpy@Unicode@@SIPAU1@PAU1@PBU1@@Z
classic	1.09d	D2Lang.dll	10039	?stricmp@Unicode@@SIHPBU1@0@Z
classic	1.09d	D2Lang.dll	10040	?strlen@Unicode@@SIHPBU1@@Z
classic	1.09d	D2Lang.dll	10041	?strncat@Unicode@@SIPAU1@PAU1@PBU1@H@Z
classic	1.09d	D2Lang.dll	10042	?strncoll@Unicode@@SIHPBU1@0H@Z
classic	1.09d	D2Lang.dll	10043	?strncpy@Unicode@@SIPAU1@PAU1@PBU1@H@Z
classic	1.09d	D2Lang.dll	10044	?strnicmp@Unicode@@SIHPBU1@0I@Z
classic	1.09d	D2Lang.dll	10045	?strstr@Unicode@@SIPAU1@PBU1@0@Z
classic	1.09d	D2Lang.dll	10046	?strstri@Unicode@@SIPAU1@PBU1@0@Z
classic	1.09d	D2Lang.dll	10047	?sys2Unicode@Unicode@@SIPAU1@PAU1@PBDH@Z
classic	1.09d	D2Lang.dll	10048	?sysWidth@Unicode@@SIKPBU1@H@Z
classic	1.09d	D2Lang.dll	10049	?toLower@Unicode@@QBE?AU1@XZ
classic	1.09d	D2Lang.dll	10050	?toUnicode@Unicode@@SIPAU1@PAU1@PBDH@Z
classic	1.09d	D2Lang.dll	10051	?toUpper@Unicode@@QBE?AU1@XZ
classic	1.09d	D2Lang.dll	10052	?toUtf@Unicode@@SIPADPADPBU1@H@Z
classic	1.09d	D2Lang.dll	10053	?unicode2Sys@Unicode@@SIPADPADPBU1@H@Z
classic	1.09d	D2Lang.dll	10054	?unicode2Win@Unicode@@SIPADPADPBU1@H@Z
classic	1.09d	D2Lang.dll	10055	?unicodeWidth@Unicode@@SIKPBDH@Z
classic	1.09d	D2Lang.dll	10056	?unicodenwidth@Unicode@@SIIPBDH@Z
classic	1.09d	D2Lang.dll	10057	?unloadSysMap@Unicode@@SIXXZ
classic	1.09d	D2Lang.dll	10058	?utfnwidth@Unicode@@SIIPBU1@H@Z
classic	1.09d	D2Lang.dll	10059	?utfwidth@Unicode@@QBEHXZ
classic	1.09d	D2Lang.dll	10060	?win2Unicode@Unicode@@SIPAU1@PAU1@PBDH@Z
classic	1.10	D2Lang.dll	10014	??0Unicode@@QAE@G@Z
classic	1.10	D2Lang.dll	10015	??4Unicode@@QAEAAU0@ABU0@@Z
classic	1.10	D2Lang.dll	10016	??BUnicode@@QBEGXZ
classic	1.10	D2Lang.dll	10017	??_FUnicode@@QAEXXZ
classic	1.10	D2Lang.dll	10018	?Personalize@Unicode@@SIXPAU1@PBU1@1HW4ELANGUAGE@@@Z
classic	1.10	D2Lang.dll	10019	?_toLowerTable@Unicode@@0PAGA
classic	1.10	D2Lang.dll	10020	?_toUpperTable@Unicode@@0PAGA
classic	1.10	D2Lang.dll	10021	?compare@Unicode@@QBEHU1@@Z
classic	1.10	D2Lang.dll	10022	?compare@Unicode@@SIHU1@0@Z
classic	1.10	D2Lang.dll	10023	?directionality@Unicode@@QAE?AW4Direction@1@XZ
classic	1.10	D2Lang.dll	10024	?isASCII@Unicode@@QBEHXZ
classic	1.10	D2Lang.dll	10025	?isAlpha@Unicode@@QBEHXZ
classic	1.10	D2Lang.dll	10026	?isLeftToRight@Unicode@@QBEHXZ
classic	1.10	D2Lang.dll	10027	?isLineBreak@Unicode@@SIHPBU1@I@Z
classic	1.10	D2Lang.dll	10028	?isNewline@Unicode@@QBEHXZ
classic	1.10	D2Lang.dll	10029	?isPipe@Unicode@@QBEHXZ
classic	1.10	D2Lang.dll	10030	?isWhitespace@Unicode@@QBEHXZ
classic	1.10	D2Lang.dll	10031	?isWordEnd@Unicode@@SIHPBU1@I@Z
classic	1.10	D2Lang.dll	10032	?loadSysMap@Unicode@@SIHPAUHD2ARCHIVE__@@PBD@Z
classic	1.10	D2Lang.dll	10033	?sprintf@Unicode@@SAXHPAU1@PBU1@ZZ
classic	1.10	D2Lang.dll	10034	?strcat@Unicode@@SIPAU1@PAU1@PBU1@@Z
classic	1.10	D2Lang.dll	10035	?strchr@Unicode@@SIPAU1@PBU1@U1@@Z
classic	1.10	D2Lang.dll	10036	?strcmp@Unicode@@SIHPBU1@0@Z
classic	1.10	D2Lang.dll	10037	?strcoll@Unicode@@SIHPBU1@0@Z
classic	1.10	D2Lang.dll	10038	?strcpy@Unicode@@SIPAU1@PAU1@PBU1@@Z
classic	1.10	D2Lang.dll	10039	?stricmp@Unicode@@SIHPBU1@0@Z
classic	1.10	D2Lang.dll	10040	?strlen@Unicode@@SIHPBU1@@Z
classic	1.10	D2Lang.dll	10041	?strncat@Unicode@@SIPAU1@PAU1@PBU1@H@Z
classic	1.10	D2Lang.dll	10042	?strncmp@Unicode@@SIHPBU1@0I@Z
classic	1.10	D2Lang.dll	10043	?strncoll@Unicode@@SIHPBU1@0H@Z
classic	1.10	D2Lang.dll	10044	?strncpy@Unicode@@SIPAU1@PAU1@PBU1@H@Z
classic	1.10	D2Lang.dll	10045	?strnicmp@Unicode@@SIHPBU1@0I@Z
classic	1.10	D2Lang.dll	10046	?strstr@Unicode@@SIPAU1@PBU1@0@Z
classic	1.10	D2Lang.dll	10047	?strstri@Unicode@@SIPAU1@PBU1@0@Z
classic	1.10	D2Lang.dll	10048	?sys2Unicode@Unicode@@SIPAU1@PAU1@PBDH@Z
classic	1.10	D2Lang.dll	10049	?sysWidth@Unicode@@SIKPBU1@H@Z
classic	1.10	D2Lang.dll	10050	?toLower@Unicode@@QBE?AU1@XZ
classic	1.10	D2Lang.dll	10051	?toUnicode@Unicode@@SIPAU1@PAU1@PBDH@Z
classic	1.10	D2Lang.dll	10052	?toUpper@Unicode@@QBE?AU1@XZ
classic	1.10	D2Lang.dll	10053	?toUtf@Unicode@@SIPADPADPBU1@H@Z
classic	1.10	D2Lang.dll	10054	?unicode2Sys@Unicode@@SIPADPADPBU1@H@Z
classic	1.10	D2Lang.dll	10055	?unicode2Win@Unicode@@SIPADPADPBU1@H@Z
classic	1.10	D2Lang.dll	10056	?unicodeWidth@Unicode@@SIKPBDH@Z
classic	1.10	D2Lang.dll	10057	?unicodenwidth@Unicode@@SIIPBDH@Z
classic	1.10	D2Lang.dll	10058	?unloadSysMap@Unicode@@SIXXZ
classic	1.10	D2Lang.dll	10059	?utf8ToUnicode@Unicode@@SIPAU1@PAU1@PBDH@Z
classic	1.10	D2Lang.dll	10060	?utfnwidth@Unicode@@SIIPBU1@H@Z
classic	1.10	D2Lang.dll	10061	?utfwidth@Unicode@@QBEHXZ
classic	1.10	D2Lang.dll	10062	?win2Unicode@Unicode@@SIPAU1@PAU1@PBDH@Z
classic	1.11	D2Lang.dll	10014	??0Unicode@@QAE@G@Z
classic	1.11	D2Lang.dll	10015	??4Unicode@@QAEAAU0@ABU0@@Z
classic	1.11	D2Lang.dll	10016	??BUnicode@@QBEGXZ
classic	1.11	D2Lang.dll	10017	??_FUnicode@@QAEXXZ
classic	1.11	D2Lang.dll	10018	?Personalize@Unicode@@SIXPAU1@PBU1@1HW4ELANGUAGE@@@Z
classic	1.11	D2Lang.dll	10019	?_toLowerTable@Unicode@@0PAGA
classic	1.11	D2Lang.dll	10020	?_toUpperTable@Unicode@@0PAGA
classic	1.11	D2Lang.dll	10021	?compare@Unicode@@QBEHU1@@Z
classic	1.11	D2Lang.dll	10022	?compare@Unicode@@SIHU1@0@Z
classic	1.11	D2Lang.dll	10023	?directionality@Unicode@@QAE?AW4Direction@1@XZ
classic	1.11	D2Lang.dll	10024	?isASCII@Unicode@@QBEHXZ
classic	1.11	D2Lang.dll	10025	?isAlpha@Unicode@@QBEHXZ
classic	1.11	D2Lang.dll	10026	?isLeftToRight@Unicode@@QBEHXZ
classic	1.11	D2Lang.dll	10027	?isLineBreak@Unicode@@SIHPBU1@I@Z
classic	1.11	D2Lang.dll	10028	?isNewline@Unicode@@QBEHXZ
classic	1.11	D2Lang.dll	10029	?isPipe@Unicode@@QBEHXZ
classic	1.11	D2Lang.dll	10030	?isWhitespace@Unicode@@QBEHXZ
classic	1.11	D2Lang.dll	10031	?isWordEnd@Unicode@@SIHPBU1@I@Z
classic	1.11	D2Lang.dll	10032	?loadSysMap@Unicode@@SIHPAUHD2ARCHIVE__@@PBD@Z
classic	1.11	D2Lang.dll	10033	?sprintf@Unicode@@SAXHPAU1@PBU1@ZZ
classic	1.11	D2Lang.dll	10034	?strcat@Unicode@@SIPAU1@PAU1@PBU1@@Z
classic	1.11	D2Lang.dll	10035	?strchr@Unicode@@SIPAU1@PBU1@U1@@Z
classic	1.11	D2Lang.dll	10036	?strcmp@Unicode@@SIHPBU1@0@Z
classic	1.11	D2Lang.dll	10037	?strcoll@Unicode@@SIHPBU1@0@Z
classic	1.11	D2Lang.dll	10038	?strcpy@Unicode@@SIPAU1@PAU1@PBU1@@Z
classic	1.11	D2Lang.dll	10039	?stricmp@Unicode@@SIHPBU1@0@Z
classic	1.11	D2Lang.dll	10040	?strlen@Unicode@@SIHPBU1@@Z
classic	1.11	D2Lang.dll	10041	?strncat@Unicode@@SIPAU1@PAU1@PBU1@H@Z
classic	1.11	D2Lang.dll	10042	?strncmp@Unicode@@SIHPBU1@0I@Z
classic	1.11	D2Lang.dll	10043	?strncoll@Unicode@@SIHPBU1@0H@Z
classic	1.11	D2Lang.dll	10044	?strncpy@Unicode@@SIPAU1@PAU1@PBU1@H@Z
classic	1.11	D2Lang.dll	10045	?strnicmp@Unicode@@SIHPBU1@0I@Z
classic	1.11	D2Lang.dll	10046	?strstr@Unicode@@SIPAU1@PBU1@0@Z
classic	1.11	D2Lang.dll	10047	?strstri@Unicode@@SIPAU1@PBU1@0@Z
classic	1.11	D2Lang.dll	10048	?sys2Unicode@Unicode@@SIPAU1@PAU1@PBDH@Z
classic	1.11	D2Lang.dll	10049	?sysWidth@Unicode@@SIKPBU1@H@Z
classic	1.11	D2Lang.dll	10050	?toLower@Unicode@@QBE?AU1@XZ
classic	1.11	D2Lang.dll	10051	?toUnicode@Unicode@@SIPAU1@PAU1@PBDH@Z
classic	1.11	D2Lang.dll	10052	?toUpper@Unicode@@QBE?AU1@XZ
classic	1.11	D2Lang.dll	10053	?toUtf@Unicode@@SIPADPADPBU1@H@Z
classic	1.11	D2Lang.dll	10054	?unicode2Sys@Unicode@@SIPADPADPBU1@H@Z
classic	1.11	D2Lang.dll	10055	?unicode2Win@Unicode@@SIPADPADPBU1@H@Z
classic	1.11	D2Lang.dll	10056	?unicodeWidth@Unicode@@SIKPBDH@Z
classic	1.11	D2Lang.dll	10057	?unicodenwidth@Unicode@@SIIPBDH@Z
classic	1.11	D2Lang.dll	10058	?unloadSysMap@Unicode@@SIXXZ
classic	1.11	D2Lang.dll	10059	?utf8ToUnicode@Unicode@@SIPAU1@PAU1@PBDH@Z
classic	1.11	D2Lang.dll	10060	?utfnwidth@Unicode@@SIIPBU1@H@Z
classic	1.11	D2Lang.dll	10061	?utfwidth@Unicode@@QBEHXZ
classic	1.11	D2Lang.dll	10062	?win2Unicode@Unicode@@SIPAU1@PAU1@PBDH@Z
classic	1.11b	D2Lang.dll	10014	??0Unicode@@QAE@G@Z
classic	1.11b	D2Lang.dll	10015	??4Unicode@@QAEAAU0@ABU0@@Z
classic	1.11b	D2Lang.dll	10016	??BUnicode@@QBEGXZ
classic	1.11b	D2Lang.dll	10017	??_FUnicode@@QAEXXZ
classic	1.11b	D2Lang.dll	10018	?Personalize@Unicode@@SIXPAU1@PBU1@1HW4ELANGUAGE@@@Z
classic	1.11b	D2Lang.dll	10019	?_toLowerTable@Unicode@@0PAGA
classic	1.11b	D2Lang.dll	10020	?_toUpperTable@Unicode@@0PAGA
classic	1.11b	D2Lang.dll	10021	?compare@Unicode@@QBEHU1@@Z
classic	1.11b	D2Lang.dll	10022	?compare@Unicode@@SIHU1@0@Z
classic	1.11b	D2Lang.dll	10023	?directionality@Unicode@@QAE?AW4Direction@1@XZ
classic	1.11b	D2Lang.dll	10024	?isASCII@Unicode@@QBEHXZ
classic	1.11b	D2Lang.dll	10025	?isAlpha@Unicode@@QBEHXZ
classic	1.11b	D2Lang.dll	10026	?isLeftToRight@Unicode@@QBEHXZ
classic	1.11b	D2Lang.dll	10027	?isLineBreak@Unicode@@SIHPBU1@I@Z
classic	1.11b	D2Lang.dll	10028	?isNewline@Unicode@@QBEHXZ
classic	1.11b	D2Lang.dll	10029	?isPipe@Unicode@@QBEHXZ
classic	1.11b	D2Lang.dll	10030	?isWhitespace@Unicode@@QBEHXZ
classic	1.11b	D2Lang.dll	10031	?isWordEnd@Unicode@@SIHPBU1@I@Z
classic	1.11b	D2Lang.dll	10032	?loadSysMap@Unicode@@SIHPAUHD2ARCHIVE__@@PBD@Z
classic	1.11b	D2Lang.dll	10033	?sprintf@Unicode@@SAXHPAU1@PBU1@ZZ
classic	1.11b	D2Lang.dll	10034	?strcat@Unicode@@SIPAU1@PAU1@PBU1@@Z
classic	1.11b	D2Lang.dll	10035	?strchr@Unicode@@SIPAU1@PBU1@U1@@Z
classic	1.11b	D2Lang.dll	10036	?strcmp@Unicode@@SIHPBU1@0@Z
classic	1.11b	D2Lang.dll	10037	?strcoll@Unicode@@SIHPBU1@0@Z
classic	1.11b	D2Lang.dll	10038	?strcpy@Unicode@@SIPAU1@PAU1@PBU1@@Z
classic	1.11b	D2Lang.dll	10039	?stricmp@Unicode@@SIHPBU1@0@Z
classic	1.11b	D2Lang.dll	10040	?strlen@Unicode@@SIHPBU1@@Z
classic	1.11b	D2Lang.dll	10041	?strncat@Unicode@@SIPAU1@PAU1@PBU1@H@Z
classic	1.11b	D2Lang.dll	10042	?strncmp@Unicode@@SIHPBU1@0I@Z
classic	1.11b	D2Lang.dll	10043	?strncoll@Unicode@@SIHPBU1@0H@Z
classic	1.11b	D2Lang.dll	10044	?strncpy@Unicode@@SIPAU1@PAU1@PBU1@H@Z
classic	1.11b	D2Lang.dll	10045	?strnicmp@Unicode@@SIHPBU1@0I@Z
classic	1.11b	D2Lang.dll	10046	?strstr@Unicode@@SIPAU1@PBU1@0@Z
classic	1.11b	D2Lang.dll	10047	?strstri@Unicode@@SIPAU1@PBU1@0@Z
classic	1.11b	D2Lang.dll	10048	?sys2Unicode@Unicode@@SIPAU1@PAU1@PBDH@Z
classic	1.11b	D2Lang.dll	10049	?sysWidth@Unicode@@SIKPBU1@H@Z
classic	1.11b	D2Lang.dll	10050	?toLower@Unicode@@QBE?AU1@XZ
classic	1.11b	D2Lang.dll	10051	?toUnicode@Unicode@@SIPAU1@PAU1@PBDH@Z
classic	1.11b	D2Lang.dll	10052	?toUpper@Unicode@@QBE?AU1@XZ
classic	1.11b	D2Lang.dll	10053	?toUtf@Unicode@@SIPADPADPBU1@H@Z
classic	1.11b	D2Lang.dll	10054	?unicode2Sys@Unicode@@SIPADPADPBU1@H@Z
classic	1.11b	D2Lang.dll	10055	?unicode2Win@Unicode@@SIPADPADPBU1@H@Z
classic	1.11b	D2Lang.dll	10056	?unicodeWidth@Unicode@@SIKPBDH@Z
classic	1.11b	D2Lang.dll	10057	?unicodenwidth@Unicode@@SIIPBDH@Z
classic	1.11b	D2Lang.dll	10058	?unloadSysMap@Unicode@@SIXXZ
classic	1.11b	D2Lang.dll	10059	?utf8ToUnicode@Unicode@@SIPAU1@PAU1@PBDH@Z
classic	1.11b	D2Lang.dll	10060	?utfnwidth@Unicode@@SIIPBU1@H@Z
classic	1.11b	D2Lang.dll	10061	?utfwidth@Unicode@@QBEHXZ
classic	1.11b	D2Lang.dll	10062	?win2Unicode@Unicode@@SIPAU1@PAU1@PBDH@Z
classic	1.12a	D2Lang.dll	10014	??0Unicode@@QAE@G@Z
classic	1.12a	D2Lang.dll	10015	??4Unicode@@QAEAAU0@ABU0@@Z
classic	1.12a	D2Lang.dll	10016	??BUnicode@@QBEGXZ
classic	1.12a	D2Lang.dll	10017	??_FUnicode@@QAEXXZ
classic	1.12a	D2Lang.dll	10018	?Personalize@Unicode@@SIXPAU1@PBU1@1HW4ELANGUAGE@@@Z
classic	1.12a	D2Lang.dll	10019	?_toLowerTable@Unicode@@0PAGA
classic	1.12a	D2Lang.dll	10020	?_toUpperTable@Unicode@@0PAGA
classic	1.12a	D2Lang.dll	10021	?compare@Unicode@@QBEHU1@@Z
classic	1.12a	D2Lang.dll	10022	?compare@Unicode@@SIHU1@0@Z
classic	1.12a	D2Lang.dll	10023	?directionality@Unicode@@QAE?AW4Direction@1@XZ
classic	1.12a	D2Lang.dll	10024	?isASCII@Unicode@@QBEHXZ
classic	1.12a	D2Lang.dll	10025	?isAlpha@Unicode@@QBEHXZ
classic	1.12a	D2Lang.dll	10026	?isLeftToRight@Unicode@@QBEHXZ
classic	1.12a	D2Lang.dll	10027	?isLineBreak@Unicode@@SIHPBU1@I@Z
classic	1.12a	D2Lang.dll	10028	?isNewline@Unicode@@QBEHXZ
classic	1.12a	D2Lang.dll	10029	?isPipe@Unicode@@QBEHXZ
classic	1.12a	D2Lang.dll	10030	?isWhitespace@Unicode@@QBEHXZ
classic	1.12a	D2Lang.dll	10031	?isWordEnd@Unicode@@SIHPBU1@I@Z
classic	1.12a	D2Lang.dll	10032	?loadSysMap@Unicode@@SIHPAUHD2ARCHIVE__@@PBD@Z
classic	1.12a	D2Lang.dll	10033	?sprintf@Unicode@@SAXHPAU1@PBU1@ZZ
classic	1.12a	D2Lang.dll	10034	?strcat@Unicode@@SIPAU1@PAU1@PBU1@@Z
classic	1.12a	D2Lang.dll	10035	?strchr@Unicode@@SIPAU1@PBU1@U1@@Z
classic	1.12a	D2Lang.dll	10036	?strcmp@Unicode@@SIHPBU1@0@Z
classic	1.12a	D2Lang.dll	10037	?strcoll@Unicode@@SIHPBU1@0@Z
classic	1.12a	D2Lang.dll	10038	?strcpy@Unicode@@SIPAU1@PAU1@PBU1@@Z
classic	1.12a	D2Lang.dll	10039	?stricmp@Unicode@@SIHPBU1@0@Z
classic	1.12a	D2Lang.dll	10040	?strlen@Unicode@@SIHPBU1@@Z
classic	1.12a	D2Lang.dll	10041	?strncat@Unicode@@SIPAU1@PAU1@PBU1@H@Z
classic	1.12a	D2Lang.dll	10042	?strncmp@Unicode@@SIHPBU1@0I@Z
classic	1.12a	D2Lang.dll	10043	?strncoll@Unicode@@SIHPBU1@0H@Z
classic	1.12a	D2Lang.dll	10044	?strncpy@Unicode@@SIPAU1@PAU1@PBU1@H@Z
classic	1.12a	D2Lang.dll	10045	?strnicmp@Unicode@@SIHPBU1@0I@Z
classic	1.12a	D2Lang.dll	10046	?strstr@Unicode@@SIPAU1@PBU1@0@Z
classic	1.12a	D2Lang.dll	10047	?strstri@Unicode@@SIPAU1@PBU1@0@Z
classic	1.12a	D2Lang.dll	10048	?sys2Unicode@Unicode@@SIPAU1@PAU1@PBDH@Z
classic	1.12a	D2Lang.dll	10049	?sysWidth@Unicode@@SIKPBU1@H@Z
classic	1.12a	D2Lang.dll	10050	?toLower@Unicode@@QBE?AU1@XZ
classic	1.12a	D2Lang.dll	10051	?toUnicode@Unicode@@SIPAU1@PAU1@PBDH@Z
classic	1.12a	D2Lang.dll	10052	?toUpper@Unicode@@QBE?AU1@XZ
classic	1.12a	D2Lang.dll	10053	?toUtf@Unicode@@SIPADPADPBU1@H@Z
classic	1.12a	D2Lang.dll	10054	?unicode2Sys@Unicode@@SIPADPADPBU1@H@Z
classic	1.12a	D2Lang.dll	10055	?unicode2Win@Unicode@@SIPADPADPBU1@H@Z
classic	1.12a	D2Lang.dll	10056	?unicodeWidth@Unicode@@SIKPBDH@Z
classic	1.12a	D2Lang.dll	10057	?unicodenwidth@Unicode@@SIIPBDH@Z
classic	1.12a	D2Lang.dll	10058	?unloadSysMap@Unicode@@SIXXZ
classic	1.12a	D2Lang.dll	10059	?utf8ToUnicode@Unicode@@SIPAU1@PAU1@PBDH@Z
classic	1.12a	D2Lang.dll	10060	?utfnwidth@Unicode@@SIIPBU1@H@Z
classic	1.12a	D2Lang.dll	10061	?utfwidth@Unicode@@QBEHXZ
classic	1.12a	D2Lang.dll	10062	?win2Unicode@Unicode@@SIPAU1@PAU1@PBDH@Z
classic	1.13c	D2Lang.dll	10014	??0Unicode@@QAE@G@Z
classic	1.13c	D2Lang.dll	10015	??4Unicode@@QAEAAU0@ABU0@@Z
classic	1.13c	D2Lang.dll	10016	??BUnicode@@QBEGXZ
classic	1.13c	D2Lang.dll	10017	??_FUnicode@@QAEXXZ
classic	1.13c	D2Lang.dll	10018	?Personalize@Unicode@@SIXPAU1@PBU1@1HW4ELANGUAGE@@@Z
classic	1.13c	D2Lang.dll	10019	?_toLowerTable@Unicode@@0PAGA
classic	1.13c	D2Lang.dll	10020	?_toUpperTable@Unicode@@0PAGA
classic	1.13c	D2Lang.dll	10021	?compare@Unicode@@QBEHU1@@Z
classic	1.13c	D2Lang.dll	10022	?compare@Unicode@@SIHU1@0@Z
classic	1.13c	D2Lang.dll	10023	?directionality@Unicode@@QAE?AW4Direction@1@XZ
classic	1.13c	D2Lang.dll	10024	?isASCII@Unicode@@QBEHXZ
classic	1.13c	D2Lang.dll	10025	?isAlpha@Unicode@@QBEHXZ
classic	1.13c	D2Lang.dll	10026	?isLeftToRight@Unicode@@QBEHXZ
classic	1.13c	D2Lang.dll	10027	?isLineBreak@Unicode@@SIHPBU1@I@Z
classic	1.13c	D2Lang.dll	10028	?isNewline@Unicode@@QBEHXZ
classic	1.13c	D2Lang.dll	10029	?isPipe@Unicode@@QBEHXZ
classic	1.13c	D2Lang.dll	10030	?isWhitespace@Unicode@@QBEHXZ
classic	1.13c	D2Lang.dll	10031	?isWordEnd@Unicode@@SIHPBU1@I@Z
classic	1.13c	D2Lang.dll	10032	?loadSysMap@Unicode@@SIHPAUHD2ARCHIVE__@@PBD@Z
classic	1.13c	D2Lang.dll	10033	?sprintf@Unicode@@SAXHPAU1@PBU1@ZZ
classic	1.13c	D2Lang.dll	10034	?strcat@Unicode@@SIPAU1@PAU1@PBU1@@Z
classic	1.13c	D2Lang.dll	10035	?strchr@Unicode@@SIPAU1@PBU1@U1@@Z
classic	1.13c	D2Lang.dll	10036	?strcmp@Unicode@@SIHPBU1@0@Z
classic	1.13c	D2Lang.dll	10037	?strcoll@Unicode@@SIHPBU1@0@Z
classic	1.13c	D2Lang.dll	10038	?strcpy@Unicode@@SIPAU1@PAU1@PBU1@@Z
classic	1.13c	D2Lang.dll	10039	?stricmp@Unicode@@SIHPBU1@0@Z
classic	1.13c	D2Lang.dll	10040	?strlen@Unicode@@SIHPBU1@@Z
classic	1.13c	D2Lang.dll	10041	?strncat@Unicode@@SIPAU1@PAU1@PBU1@H@Z
classic	1.13c	D2Lang.dll	10042	?strncmp@Unicode@@SIHPBU1@0I@Z
classic	1.13c	D2Lang.dll	10043	?strncoll@Unicode@@SIHPBU1@0H@Z
classic	1.13c	D2Lang.dll	10044	?strncpy@Unicode@@SIPAU1@PAU1@PBU1@H@Z
classic	1.13c	D2Lang.dll	10045	?strnicmp@Unicode@@SIHPBU1@0I@Z
classic	1.13c	D2Lang.dll	10046	?strstr@Unicode@@SIPAU1@PBU1@0@Z
classic	1.13c	D2Lang.dll	10047	?strstri@Unicode@@SIPAU1@PBU1@0@Z
classic	1.13c	D2Lang.dll	10048	?sys2Unicode@Unicode@@SIPAU1@PAU1@PBDH@Z
classic	1.13c	D2Lang.dll	10049	?sysWidth@Unicode@@SIKPBU1@H@Z
classic	1.13c	D2Lang.dll	10050	?toLower@Unicode@@QBE?AU1@XZ
classic	1.13c	D2Lang.dll	10051	?toUnicode@Unicode@@SIPAU1@PAU1@PBDH@Z
classic	1.13c	D2Lang.dll	10052	?toUpper@Unicode@@QBE?AU1@XZ
classic	1.13c	D2Lang.dll	10053	?toUtf@Unicode@@SIPADPADPBU1@H@Z
classic	1.13c	D2Lang.dll	10054	?unicode2Sys@Unicode@@SIPADPADPBU1@H@Z
classic	1.13c	D2Lang.dll	10055	?unicode2Win@Unicode@@SIPADPADPBU1@H@Z
classic	1.13c	D2Lang.dll	10056	?unicodeWidth@Unicode@@SIKPBDH@Z
classic	1.13c	D2Lang.dll	10057	?unicodenwidth@Unicode@@SIIPBDH@Z
classic	1.13c	D2Lang.dll	10058	?unloadSysMap@Unicode@@SIXXZ
classic	1.13c	D2Lang.dll	10059	?utf8ToUnicode@Unicode@@SIPAU1@PAU1@PBDH@Z
classic	1.13c	D2Lang.dll	10060	?utfnwidth@Unicode@@SIIPBU1@H@Z
classic	1.13c	D2Lang.dll	10061	?utfwidth@Unicode@@QBEHXZ
classic	1.13c	D2Lang.dll	10062	?win2Unicode@Unicode@@SIPAU1@PAU1@PBDH@Z
classic	1.13d	D2Lang.dll	10014	??0Unicode@@QAE@G@Z
classic	1.13d	D2Lang.dll	10015	??4Unicode@@QAEAAU0@ABU0@@Z
classic	1.13d	D2Lang.dll	10016	??BUnicode@@QBEGXZ
classic	1.13d	D2Lang.dll	10017	??_FUnicode@@QAEXXZ
classic	1.13d	D2Lang.dll	10018	?Personalize@Unicode@@SIXPAU1@PBU1@1HW4ELANGUAGE@@@Z
classic	1.13d	D2Lang.dll	10019	?_toLowerTable@Unicode@@0PAGA
classic	1.13d	D2Lang.dll	10020	?_toUpperTable@Unicode@@0PAGA
classic	1.13d	D2Lang.dll	10021	?compare@Unicode@@QBEHU1@@Z
classic	1.13d	D2Lang.dll	10022	?compare@Unicode@@SIHU1@0@Z
classic	1.13d	D2Lang.dll	10023	?directionality@Unicode@@QAE?AW4Direction@1@XZ
classic	1.13d	D2Lang.dll	10024	?isASCII@Unicode@@QBEHXZ
classic	1.13d	D2Lang.dll	10025	?isAlpha@Unicode@@QBEHXZ
classic	1.13d	D2Lang.dll	10026	?isLeftToRight@Unicode@@QBEHXZ
classic	1.13d	D2Lang.dll	10027	?isLineBreak@Unicode@@SIHPBU1@I@Z
classic	1.13d	D2Lang.dll	10028	?isNewline@Unicode@@QBEHXZ
classic	1.13d	D2Lang.dll	10029	?isPipe@Unicode@@QBEHXZ
classic	1.13d	D2Lang.dll	10030	?isWhitespace@Unicode@@QBEHXZ
classic	1.13d	D2Lang.dll	10031	?isWordEnd@Unicode@@SIHPBU1@I@Z
classic	1.13d	D2Lang.dll	10032	?loadSysMap@Unicode@@SIHPAUHD2ARCHIVE__@@PBD@Z
classic	1.13d	D2Lang.dll	10033	?sprintf@Unicode@@SAXHPAU1@PBU1@ZZ
classic	1.13d	D2Lang.dll	10034	?strcat@Unicode@@SIPAU1@PAU1@PBU1@@Z
classic	1.13d	D2Lang.dll	10035	?strchr@Unicode@@SIPAU1@PBU1@U1@@Z
classic	1.13d	D2Lang.dll	10036	?strcmp@Unicode@@SIHPBU1@0@Z
classic	1.13d	D2Lang.dll	10037	?strcoll@Unicode@@SIHPBU1@0@Z
classic	1.13d	D2Lang.dll	10038	?strcpy@Unicode@@SIPAU1@PAU1@PBU1@@Z
classic	1.13d	D2Lang.dll	10039	?stricmp@Unicode@@SIHPBU1@0@Z
classic	1.13d	D2Lang.dll	10040	?strlen@Unicode@@SIHPBU1@@Z
classic	1.13d	D2Lang.dll	10041	?strncat@Unicode@@SIPAU1@PAU1@PBU1@H@Z
classic	1.13d	D2Lang.dll	10042	?strncmp@Unicode@@SIHPBU1@0I@Z
classic	1.13d	D2Lang.dll	10043	?strncoll@Unicode@@SIHPBU1@0H@Z
classic	1.13d	D2Lang.dll	10044	?strncpy@Unicode@@SIPAU1@PAU1@PBU1@H@Z
classic	1.13d	D2Lang.dll	10045	?strnicmp@Unicode@@SIHPBU1@0I@Z
classic	1.13d	D2Lang.dll	10046	?strstr@Unicode@@SIPAU1@PBU1@0@Z
classic	1.13d	D2Lang.dll	10047	?strstri@Unicode@@SIPAU1@PBU1@0@Z
classic	1.13d	D2Lang.dll	10048	?sys2Unicode@Unicode@@SIPAU1@PAU1@PBDH@Z
classic	1.13d	D2Lang.dll	10049	?sysWidth@Unicode@@SIKPBU1@H@Z
classic	1.13d	D2Lang.dll	10050	?toLower@Unicode@@QBE?AU1@XZ
classic	1.13d	D2Lang.dll	10051	?toUnicode@Unicode@@SIPAU1@PAU1@PBDH@Z
classic	1.13d	D2Lang.dll	10052	?toUpper@Unicode@@QBE?AU1@XZ
classic	1.13d	D2Lang.dll	10053	?toUtf@Unicode@@SIPADPADPBU1@H@Z
classic	1.13d	D2Lang.dll	10054	?unicode2Sys@Unicode@@SIPADPADPBU1@H@Z
classic	1.13d	D2Lang.dll	10055	?unicode2Win@Unicode@@SIPADPADPBU1@H@Z
classic	1.13d	D2Lang.dll	10056	?unicodeWidth@Unicode@@SIKPBDH@Z
classic	1.13d	D2Lang.dll	10057	?unicodenwidth@Unicode@@SIIPBDH@Z
classic	1.13d	D2Lang.dll	10058	?unloadSysMap@Unicode@@SIXXZ
classic	1.13d	D2Lang.dll	10059	?utf8ToUnicode@Unicode@@SIPAU1@PAU1@PBDH@Z
classic	1.13d	D2Lang.dll	10060	?utfnwidth@Unicode@@SIIPBU1@H@Z
classic	1.13d	D2Lang.dll	10061	?utfwidth@Unicode@@QBEHXZ
classic	1.13d	D2Lang.dll	10062	?win2Unicode@Unicode@@SIPAU1@PAU1@PBDH@Z
lod	1.07	D2Lang.dll	10014	??0Unicode@@QAE@G@Z
lod	1.07	D2Lang.dll	10015	??4Unicode@@QAEAAU0@ABU0@@Z
lod	1.07	D2Lang.dll	10016	??BUnicode@@QBEGXZ
lod	1.07	D2Lang.dll	10017	??_FUnicode@@QAEXXZ
lod	1.07	D2Lang.dll	10018	?Personalize@Unicode@@SIXPAU1@PBU1@1HW4ELANGUAGE@@@Z
lod	1.07	D2Lang.dll	10019	?_toLowerTable@Unicode@@0PAGA
lod	1.07	D2Lang.dll	10020	?_toUpperTable@Unicode@@0PAGA
lod	1.07	D2Lang.dll	10021	?compare@Unicode@@QBEHU1@@Z
lod	1.07	D2Lang.dll	10022	?compare@Unicode@@SIHU1@0@Z
lod	1.07	D2Lang.dll	10023	?directionality@Unicode@@QAE?AW4Direction@1@XZ
lod	1.07	D2Lang.dll	10024	?isASCII@Unicode@@QBEHXZ
lod	1.07	D2Lang.dll	10025	?isAlpha@Unicode@@QBEHXZ
lod	1.07	D2Lang.dll	10026	?isLeftToRight@Unicode@@QBEHXZ
lod	1.07	D2Lang.dll	10027	?isLineBreak@Unicode@@SIHPBU1@I@Z
lod	1.07	D2Lang.dll	10028	?isNewline@Unicode@@QBEHXZ
lod	1.07	D2Lang.dll	10029	?isPipe@Unicode@@QBEHXZ
lod	1.07	D2Lang.dll	10030	?isWhitespace@Unicode@@QBEHXZ
lod	1.07	D2Lang.dll	10031	?isWordEnd@Unicode@@SIHPBU1@I@Z
lod	1.07	D2Lang.dll	10032	?loadSysMap@Unicode@@SIHPAUHD2ARCHIVE__@@PBD@Z
lod	1.07	D2Lang.dll	10033	?sprintf@Unicode@@SAXHPAU1@PBU1@ZZ
lod	1.07	D2Lang.dll	10034	?strcat@Unicode@@SIPAU1@PAU1@PBU1@@Z
lod	1.07	D2Lang.dll	10035	?strchr@Unicode@@SIPAU1@PBU1@U1@@Z
lod	1.07	D2Lang.dll	10036	?strcmp@Unicode@@SIHPBU1@0@Z
lod	1.07	D2Lang.dll	10037	?strcoll@Unicode@@SIHPBU1@0@Z
lod	1.07	D2Lang.dll	10038	?strcpy@Unicode@@SIPAU1@PAU1@PBU1@@Z
lod	1.07	D2Lang.dll	10039	?stricmp@Unicode@@SIHPBU1@0@Z
lod	1.07	D2Lang.dll	10040	?strlen@Unicode@@SIHPBU1@@Z
lod	1.07	D2Lang.dll	10041	?strncat@Unicode@@SIPAU1@PAU1@PBU1@H@Z
lod	1.07	D2Lang.dll	10042	?strncoll@Unicode@@SIHPBU1@0H@Z
lod	1.07	D2Lang.dll	10043	?strncpy@Unicode@@SIPAU1@PAU1@PBU1@H@Z
lod	1.07	D2Lang.dll	10044	?strnicmp@Unicode@@SIHPBU1@0I@Z
lod	1.07	D2Lang.dll	10045	?strstr@Unicode@@SIPAU1@PBU1@0@Z
lod	1.07	D2Lang.dll	10046	?strstri@Unicode@@SIPAU1@PBU1@0@Z
lod	1.07	D2Lang.dll	10047	?sys2Unicode@Unicode@@SIPAU1@PAU1@PBDH@Z
lod	1.07	D2Lang.dll	10048	?sysWidth@Unicode@@SIKPBU1@H@Z
lod	1.07	D2Lang.dll	10049	?toLower@Unicode@@QBE?AU1@XZ
lod	1.07	D2Lang.dll	10050	?toUnicode@Unicode@@SIPAU1@PAU1@PBDH@Z
lod	1.07	D2Lang.dll	10051	?toUpper@Unicode@@QBE?AU1@XZ
lod	1.07	D2Lang.dll	10052	?toUtf@Unicode@@SIPADPADPBU1@H@Z
lod	1.07	D2Lang.dll	10053	?unicode2Sys@Unicode@@SIPADPADPBU1@H@Z
lod	1.07	D2Lang.dll	10054	?unicode2Win@Unicode@@SIPADPADPBU1@H@Z
lod	1.07	D2Lang.dll	10055	?unicodeWidth@Unicode@@SIKPBDH@Z
lod	1.07	D2Lang.dll	10056	?unicodenwidth@Unicode@@SIIPBDH@Z
lod	1.07	D2Lang.dll	10057	?unloadSysMap@Unicode@@SIXXZ
lod	1.07	D2Lang.dll	10058	?utfnwidth@Unicode@@SIIPBU1@H@Z
lod	1.07	D2Lang.dll	10059	?utfwidth@Unicode@@QBEHXZ
lod	1.07	D2Lang.dll	10060	?win2Unicode@Unicode@@SIPAU1@PAU1@PBDH@Z
lod	1.07_Beta	D2Lang.dll	10014	??0Unicode@@QAE@G@Z
lod	1.07_Beta	D2Lang.dll	10015	??4Unicode@@QAEAAU0@ABU0@@Z
lod	1.07_Beta	D2Lang.dll	10016	??BUnicode@@QBEGXZ
lod	1.07_Beta	D2Lang.dll	10017	??_FUnicode@@QAEXXZ
lod	1.07_Beta	D2Lang.dll	10018	?Personalize@Unicode@@SIXPAU1@PBU1@1HW4ELANGUAGE@@@Z
lod	1.07_Beta	D2Lang.dll	10019	?_toLowerTable@Unicode@@0PAGA
lod	1.07_Beta	D2Lang.dll	10020	?_toUpperTable@Unicode@@0PAGA
lod	1.07_Beta	D2Lang.dll	10021	?compare@Unicode@@QBEHU1@@Z
lod	1.07_Beta	D2Lang.dll	10022	?compare@Unicode@@SIHU1@0@Z
lod	1.07_Beta	D2Lang.dll	10023	?directionality@Unicode@@QAE?AW4Direction@1@XZ
lod	1.07_Beta	D2Lang.dll	10024	?isASCII@Unicode@@QBEHXZ
lod	1.07_Beta	D2Lang.dll	10025	?isAlpha@Unicode@@QBEHXZ
lod	1.07_Beta	D2Lang.dll	10026	?isLeftToRight@Unicode@@QBEHXZ
lod	1.07_Beta	D2Lang.dll	10027	?isLineBreak@Unicode@@SIHPBU1@I@Z
lod	1.07_Beta	D2Lang.dll	10028	?isNewline@Unicode@@QBEHXZ
lod	1.07_Beta	D2Lang.dll	10029	?isPipe@Unicode@@QBEHXZ
lod	1.07_Beta	D2Lang.dll	10030	?isWhitespace@Unicode@@QBEHXZ
lod	1.07_Beta	D2Lang.dll	10031	?isWordEnd@Unicode@@SIHPBU1@I@Z
lod	1.07_Beta	D2Lang.dll	10032	?loadSysMap@Unicode@@SIHPAUHD2ARCHIVE__@@PBD@Z
lod	1.07_Beta	D2Lang.dll	10033	?sprintf@Unicode@@SAXHPAU1@PBU1@ZZ
lod	1.07_Beta	D2Lang.dll	10034	?strcat@Unicode@@SIPAU1@PAU1@PBU1@@Z
lod	1.07_Beta	D2Lang.dll	10035	?strchr@Unicode@@SIPAU1@PBU1@U1@@Z
lod	1.07_Beta	D2Lang.dll	10036	?strcmp@Unicode@@SIHPBU1@0@Z
lod	1.07_Beta	D2Lang.dll	10037	?strcoll@Unicode@@SIHPBU1@0@Z
lod	1.07_Beta	D2Lang.dll	10038	?strcpy@Unicode@@SIPAU1@PAU1@PBU1@@Z
lod	1.07_Beta	D2Lang.dll	10039	?stricmp@Unicode@@SIHPBU1@0@Z
lod	1.07_Beta	D2Lang.dll	10040	?strlen@Unicode@@SIHPBU1@@Z
lod	1.07_Beta	D2Lang.dll	10041	?strncat@Unicode@@SIPAU1@PAU1@PBU1@H@Z
lod	1.07_Beta	D2Lang.dll	10042	?strncoll@Unicode@@SIHPBU1@0H@Z
lod	1.07_Beta	D2Lang.dll	10043	?strncpy@Unicode@@SIPAU1@PAU1@PBU1@H@Z
lod	1.07_Beta	D2Lang.dll	10044	?strnicmp@Unicode@@SIHPBU1@0I@Z
lod	1.07_Beta	D2Lang.dll	10045	?strstr@Unicode@@SIPAU1@PBU1@0@Z
lod	1.07_Beta	D2Lang.dll	10046	?strstri@Unicode@@SIPAU1@PBU1@0@Z
lod	1.07_Beta	D2Lang.dll	10047	?sys2Unicode@Unicode@@SIPAU1@PAU1@PBDH@Z
lod	1.07_Beta	D2Lang.dll	10048	?sysWidth@Unicode@@SIKPBU1@H@Z
lod	1.07_Beta	D2Lang.dll	10049	?toLower@Unicode@@QBE?AU1@XZ
lod	1.07_Beta	D2Lang.dll	10050	?toUnicode@Unicode@@SIPAU1@PAU1@PBDH@Z
lod	1.07_Beta	D2Lang.dll	10051	?toUpper@Unicode@@QBE?AU1@XZ
lod	1.07_Beta	D2Lang.dll	10052	?toUtf@Unicode@@SIPADPADPBU1@H@Z
lod	1.07_Beta	D2Lang.dll	10053	?unicode2Sys@Unicode@@SIPADPADPBU1@H@Z
lod	1.07_Beta	D2Lang.dll	10054	?unicode2Win@Unicode@@SIPADPADPBU1@H@Z
lod	1.07_Beta	D2Lang.dll	10055	?unicodeWidth@Unicode@@SIKPBDH@Z
lod	1.07_Beta	D2Lang.dll	10056	?unicodenwidth@Unicode@@SIIPBDH@Z
lod	1.07_Beta	D2Lang.dll	10057	?unloadSysMap@Unicode@@SIXXZ
lod	1.07_Beta	D2Lang.dll	10058	?utfnwidth@Unicode@@SIIPBU1@H@Z
lod	1.07_Beta	D2Lang.dll	10059	?utfwidth@Unicode@@QBEHXZ
lod	1.07_Beta	D2Lang.dll	10060	?win2Unicode@Unicode@@SIPAU1@PAU1@PBDH@Z
lod	1.08	D2Lang.dll	10014	??0Unicode@@QAE@G@Z
lod	1.08	D2Lang.dll	10015	??4Unicode@@QAEAAU0@ABU0@@Z
lod	1.08	D2Lang.dll	10016	??BUnicode@@QBEGXZ
lod	1.08	D2Lang.dll	10017	??_FUnicode@@QAEXXZ
lod	1.08	D2Lang.dll	10018	?Personalize@Unicode@@SIXPAU1@PBU1@1HW4ELANGUAGE@@@Z
lod	1.08	D2Lang.dll	10019	?_toLowerTable@Unicode@@0PAGA
lod	1.08	D2Lang.dll	10020	?_toUpperTable@Unicode@@0PAGA
lod	1.08	D2Lang.dll	10021	?compare@Unicode@@QBEHU1@@Z
lod	1.08	D2Lang.dll	10022	?compare@Unicode@@SIHU1@0@Z
lod	1.08	D2Lang.dll	10023	?directionality@Unicode@@QAE?AW4Direction@1@XZ
lod	1.08	D2Lang.dll	10024	?isASCII@Unicode@@QBEHXZ
lod	1.08	D2Lang.dll	10025	?isAlpha@Unicode@@QBEHXZ
lod	1.08	D2Lang.dll	10026	?isLeftToRight@Unicode@@QBEHXZ
lod	1.08	D2Lang.dll	10027	?isLineBreak@Unicode@@SIHPBU1@I@Z
lod	1.08	D2Lang.dll	10028	?isNewline@Unicode@@QBEHXZ
lod	1.08	D2Lang.dll	10029	?isPipe@Unicode@@QBEHXZ
lod	1.08	D2Lang.dll	10030	?isWhitespace@Unicode@@QBEHXZ
lod	1.08	D2Lang.dll	10031	?isWordEnd@Unicode@@SIHPBU1@I@Z
lod	1.08	D2Lang.dll	10032	?loadSysMap@Unicode@@SIHPAUHD2ARCHIVE__@@PBD@Z
lod	1.08	D2Lang.dll	10033	?sprintf@Unicode@@SAXHPAU1@PBU1@ZZ
lod	1.08	D2Lang.dll	10034	?strcat@Unicode@@SIPAU1@PAU1@PBU1@@Z
lod	1.08	D2Lang.dll	10035	?strchr@Unicode@@SIPAU1@PBU1@U1@@Z
lod	1.08	D2Lang.dll	10036	?strcmp@Unicode@@SIHPBU1@0@Z
lod	1.08	D2Lang.dll	10037	?strcoll@Unicode@@SIHPBU1@0@Z
lod	1.08	D2Lang.dll	10038	?strcpy@Unicode@@SIPAU1@PAU1@PBU1@@Z
lod	1.08	D2Lang.dll	10039	?stricmp@Unicode@@SIHPBU1@0@Z
lod	1.08	D2Lang.dll	10040	?strlen@Unicode@@SIHPBU1@@Z
lod	1.08	D2Lang.dll	10041	?strncat@Unicode@@SIPAU1@PAU1@PBU1@H@Z
lod	1.08	D2Lang.dll	10042	?strncoll@Unicode@@SIHPBU1@0H@Z
lod	1.08	D2Lang.dll	10043	?strncpy@Unicode@@SIPAU1@PAU1@PBU1@H@Z
lod	1.08	D2Lang.dll	10044	?strnicmp@Unicode@@SIHPBU1@0I@Z
lod	1.08	D2Lang.dll	10045	?strstr@Unicode@@SIPAU1@PBU1@0@Z
lod	1.08	D2Lang.dll	10046	?strstri@Unicode@@SIPAU1@PBU1@0@Z
lod	1.08	D2Lang.dll	10047	?sys2Unicode@Unicode@@SIPAU1@PAU1@PBDH@Z
lod	1.08	D2Lang.dll	10048	?sysWidth@Unicode@@SIKPBU1@H@Z
lod	1.08	D2Lang.dll	10049	?toLower@Unicode@@QBE?AU1@XZ
lod	1.08	D2Lang.dll	10050	?toUnicode@Unicode@@SIPAU1@PAU1@PBDH@Z
lod	1.08	D2Lang.dll	10051	?toUpper@Unicode@@QBE?AU1@XZ
lod	1.08	D2Lang.dll	10052	?toUtf@Unicode@@SIPADPADPBU1@H@Z
lod	1.08	D2Lang.dll	10053	?unicode2Sys@Unicode@@SIPADPADPBU1@H@Z
lod	1.08	D2Lang.dll	10054	?unicode2Win@Unicode@@SIPADPADPBU1@H@Z
lod	1.08	D2Lang.dll	10055	?unicodeWidth@Unicode@@SIKPBDH@Z
lod	1.08	D2Lang.dll	10056	?unicodenwidth@Unicode@@SIIPBDH@Z
lod	1.08	D2Lang.dll	10057	?unloadSysMap@Unicode@@SIXXZ
lod	1.08	D2Lang.dll	10058	?utfnwidth@Unicode@@SIIPBU1@H@Z
lod	1.08	D2Lang.dll	10059	?utfwidth@Unicode@@QBEHXZ
lod	1.08	D2Lang.dll	10060	?win2Unicode@Unicode@@SIPAU1@PAU1@PBDH@Z
lod	1.09	D2Lang.dll	10014	??0Unicode@@QAE@G@Z
lod	1.09	D2Lang.dll	10015	??4Unicode@@QAEAAU0@ABU0@@Z
lod	1.09	D2Lang.dll	10016	??BUnicode@@QBEGXZ
lod	1.09	D2Lang.dll	10017	??_FUnicode@@QAEXXZ
lod	1.09	D2Lang.dll	10018	?Personalize@Unicode@@SIXPAU1@PBU1@1HW4ELANGUAGE@@@Z
lod	1.09	D2Lang.dll	10019	?_toLowerTable@Unicode@@0PAGA
lod	1.09	D2Lang.dll	10020	?_toUpperTable@Unicode@@0PAGA
lod	1.09	D2Lang.dll	10021	?compare@Unicode@@QBEHU1@@Z
lod	1.09	D2Lang.dll	10022	?compare@Unicode@@SIHU1@0@Z
lod	1.09	D2Lang.dll	10023	?directionality@Unicode@@QAE?AW4Direction@1@XZ
lod	1.09	D2Lang.dll	10024	?isASCII@Unicode@@QBEHXZ
lod	1.09	D2Lang.dll	10025	?isAlpha@Unicode@@QBEHXZ
lod	1.09	D2Lang.dll	10026	?isLeftToRight@Unicode@@QBEHXZ
lod	1.09	D2Lang.dll	10027	?isLineBreak@Unicode@@SIHPBU1@I@Z
lod	1.09	D2Lang.dll	10028	?isNewline@Unicode@@QBEHXZ
lod	1.09	D2Lang.dll	10029	?isPipe@Unicode@@QBEHXZ
lod	1.09	D2Lang.dll	10030	?isWhitespace@Unicode@@QBEHXZ
lod	1.09	D2Lang.dll	10031	?isWordEnd@Unicode@@SIHPBU1@I@Z
lod	1.09	D2Lang.dll	10032	?loadSysMap@Unicode@@SIHPAUHD2ARCHIVE__@@PBD@Z
lod	1.09	D2Lang.dll	10033	?sprintf@Unicode@@SAXHPAU1@PBU1@ZZ
lod	1.09	D2Lang.dll	10034	?strcat@Unicode@@SIPAU1@PAU1@PBU1@@Z
lod	1.09	D2Lang.dll	10035	?strchr@Unicode@@SIPAU1@PBU1@U1@@Z
lod	1.09	D2Lang.dll	10036	?strcmp@Unicode@@SIHPBU1@0@Z
lod	1.09	D2Lang.dll	10037	?strcoll@Unicode@@SIHPBU1@0@Z
lod	1.09	D2Lang.dll	10038	?strcpy@Unicode@@SIPAU1@PAU1@PBU1@@Z
lod	1.09	D2Lang.dll	10039	?stricmp@Unicode@@SIHPBU1@0@Z
lod	1.09	D2Lang.dll	10040	?strlen@Unicode@@SIHPBU1@@Z
lod	1.09	D2Lang.dll	10041	?strncat@Unicode@@SIPAU1@PAU1@PBU1@H@Z
lod	1.09	D2Lang.dll	10042	?strncoll@Unicode@@SIHPBU1@0H@Z
lod	1.09	D2Lang.dll	10043	?strncpy@Unicode@@SIPAU1@PAU1@PBU1@H@Z
lod	1.09	D2Lang.dll	10044	?strnicmp@Unicode@@SIHPBU1@0I@Z
lod	1.09	D2Lang.dll	10045	?strstr@Unicode@@SIPAU1@PBU1@0@Z
lod	1.09	D2Lang.dll	10046	?strstri@Unicode@@SIPAU1@PBU1@0@Z
lod	1.09	D2Lang.dll	10047	?sys2Unicode@Unicode@@SIPAU1@PAU1@PBDH@Z
lod	1.09	D2Lang.dll	10048	?sysWidth@Unicode@@SIKPBU1@H@Z
lod	1.09	D2Lang.dll	10049	?toLower@Unicode@@QBE?AU1@XZ
lod	1.09	D2Lang.dll	10050	?toUnicode@Unicode@@SIPAU1@PAU1@PBDH@Z
lod	1.09	D2Lang.dll	10051	?toUpper@Unicode@@QBE?AU1@XZ
lod	1.09	D2Lang.dll	10052	?toUtf@Unicode@@SIPADPADPBU1@H@Z
lod	1.09	D2Lang.dll	10053	?unicode2Sys@Unicode@@SIPADPADPBU1@H@Z
lod	1.09	D2Lang.dll	10054	?unicode2Win@Unicode@@SIPADPADPBU1@H@Z
lod	1.09	D2Lang.dll	10055	?unicodeWidth@Unicode@@SIKPBDH@Z
lod	1.09	D2Lang.dll	10056	?unicodenwidth@Unicode@@SIIPBDH@Z
lod	1.09	D2Lang.dll	10057	?unloadSysMap@Unicode@@SIXXZ
lod	1.09	D2Lang.dll	10058	?utfnwidth@Unicode@@SIIPBU1@H@Z
lod	1.09	D2Lang.dll	10059	?utfwidth@Unicode@@QBEHXZ
lod	1.09	D2Lang.dll	10060	?win2Unicode@Unicode@@SIPAU1@PAU1@PBDH@Z
lod	1.09b	D2Lang.dll	10014	??0Unicode@@QAE@G@Z
lod	1.09b	D2Lang.dll	10015	??4Unicode@@QAEAAU0@ABU0@@Z
lod	1.09b	D2Lang.dll	10016	??BUnicode@@QBEGXZ
lod	1.09b	D2Lang.dll	10017	??_FUnicode@@QAEXXZ
lod	1.09b	D2Lang.dll	10018	?Personalize@Unicode@@SIXPAU1@PBU1@1HW4ELANGUAGE@@@Z
lod	1.09b	D2Lang.dll	10019	?_toLowerTable@Unicode@@0PAGA
lod	1.09b	D2Lang.dll	10020	?_toUpperTable@Unicode@@0PAGA
lod	1.09b	D2Lang.dll	10021	?compare@Unicode@@QBEHU1@@Z
lod	1.09b	D2Lang.dll	10022	?compare@Unicode@@SIHU1@0@Z
lod	1.09b	D2Lang.dll	10023	?directionality@Unicode@@QAE?AW4Direction@1@XZ
lod	1.09b	D2Lang.dll	10024	?isASCII@Unicode@@QBEHXZ
lod	1.09b	D2Lang.dll	10025	?isAlpha@Unicode@@QBEHXZ
lod	1.09b	D2Lang.dll	10026	?isLeftToRight@Unicode@@QBEHXZ
lod	1.09b	D2Lang.dll	10027	?isLineBreak@Unicode@@SIHPBU1@I@Z
lod	1.09b	D2Lang.dll	10028	?isNewline@Unicode@@QBEHXZ
lod	1.09b	D2Lang.dll	10029	?isPipe@Unicode@@QBEHXZ
lod	1.09b	D2Lang.dll	10030	?isWhitespace@Unicode@@QBEHXZ
lod	1.09b	D2Lang.dll	10031	?isWordEnd@Unicode@@SIHPBU1@I@Z
lod	1.09b	D2Lang.dll	10032	?loadSysMap@Unicode@@SIHPAUHD2ARCHIVE__@@PBD@Z
lod	1.09b	D2Lang.dll	10033	?sprintf@Unicode@@SAXHPAU1@PBU1@ZZ
lod	1.09b	D2Lang.dll	10034	?strcat@Unicode@@SIPAU1@PAU1@PBU1@@Z
lod	1.09b	D2Lang.dll	10035	?strchr@Unicode@@SIPAU1@PBU1@U1@@Z
lod	1.09b	D2Lang.dll	10036	?strcmp@Unicode@@SIHPBU1@0@Z
lod	1.09b	D2Lang.dll	10037	?strcoll@Unicode@@SIHPBU1@0@Z
lod	1.09b	D2Lang.dll	10038	?strcpy@Unicode@@SIPAU1@PAU1@PBU1@@Z
lod	1.09b	D2Lang.dll	10039	?stricmp@Unicode@@SIHPBU1@0@Z
lod	1.09b	D2Lang.dll	10040	?strlen@Unicode@@SIHPBU1@@Z
lod	1.09b	D2Lang.dll	10041	?strncat@Unicode@@SIPAU1@PAU1@PBU1@H@Z
lod	1.09b	D2Lang.dll	10042	?strncoll@Unicode@@SIHPBU1@0H@Z
lod	1.09b	D2Lang.dll	10043	?strncpy@Unicode@@SIPAU1@PAU1@PBU1@H@Z
lod	1.09b	D2Lang.dll	10044	?strnicmp@Unicode@@SIHPBU1@0I@Z
lod	1.09b	D2Lang.dll	10045	?strstr@Unicode@@SIPAU1@PBU1@0@Z
lod	1.09b	D2Lang.dll	10046	?strstri@Unicode@@SIPAU1@PBU1@0@Z
lod	1.09b	D2Lang.dll	10047	?sys2Unicode@Unicode@@SIPAU1@PAU1@PBDH@Z
lod	1.09b	D2Lang.dll	10048	?sysWidth@Unicode@@SIKPBU1@H@Z
lod	1.09b	D2Lang.dll	10049	?toLower@Unicode@@QBE?AU1@XZ
lod	1.09b	D2Lang.dll	10050	?toUnicode@Unicode@@SIPAU1@PAU1@PBDH@Z
lod	1.09b	D2Lang.dll	10051	?toUpper@Unicode@@QBE?AU1@XZ
lod	1.09b	D2Lang.dll	10052	?toUtf@Unicode@@SIPADPADPBU1@H@Z
lod	1.09b	D2Lang.dll	10053	?unicode2Sys@Unicode@@SIPADPADPBU1@H@Z
lod	1.09b	D2Lang.dll	10054	?unicode2Win@Unicode@@SIPADPADPBU1@H@Z
lod	1.09b	D2Lang.dll	10055	?unicodeWidth@Unicode@@SIKPBDH@Z
lod	1.09b	D2Lang.dll	10056	?unicodenwidth@Unicode@@SIIPBDH@Z
lod	1.09b	D2Lang.dll	10057	?unloadSysMap@Unicode@@SIXXZ
lod	1.09b	D2Lang.dll	10058	?utfnwidth@Unicode@@SIIPBU1@H@Z
lod	1.09b	D2Lang.dll	10059	?utfwidth@Unicode@@QBEHXZ
lod	1.09b	D2Lang.dll	10060	?win2Unicode@Unicode@@SIPAU1@PAU1@PBDH@Z
lod	1.09d	D2Lang.dll	10014	??0Unicode@@QAE@G@Z
lod	1.09d	D2Lang.dll	10015	??4Unicode@@QAEAAU0@ABU0@@Z
lod	1.09d	D2Lang.dll	10016	??BUnicode@@QBEGXZ
lod	1.09d	D2Lang.dll	10017	??_FUnicode@@QAEXXZ
lod	1.09d	D2Lang.dll	10018	?Personalize@Unicode@@SIXPAU1@PBU1@1HW4ELANGUAGE@@@Z
lod	1.09d	D2Lang.dll	10019	?_toLowerTable@Unicode@@0PAGA
lod	1.09d	D2Lang.dll	10020	?_toUpperTable@Unicode@@0PAGA
lod	1.09d	D2Lang.dll	10021	?compare@Unicode@@QBEHU1@@Z
lod	1.09d	D2Lang.dll	10022	?compare@Unicode@@SIHU1@0@Z
lod	1.09d	D2Lang.dll	10023	?directionality@Unicode@@QAE?AW4Direction@1@XZ
lod	1.09d	D2Lang.dll	10024	?isASCII@Unicode@@QBEHXZ
lod	1.09d	D2Lang.dll	10025	?isAlpha@Unicode@@QBEHXZ
lod	1.09d	D2Lang.dll	10026	?isLeftToRight@Unicode@@QBEHXZ
lod	1.09d	D2Lang.dll	10027	?isLineBreak@Unicode@@SIHPBU1@I@Z
lod	1.09d	D2Lang.dll	10028	?isNewline@Unicode@@QBEHXZ
lod	1.09d	D2Lang.dll	10029	?isPipe@Unicode@@QBEHXZ
lod	1.09d	D2Lang.dll	10030	?isWhitespace@Unicode@@QBEHXZ
lod	1.09d	D2Lang.dll	10031	?isWordEnd@Unicode@@SIHPBU1@I@Z
lod	1.09d	D2Lang.dll	10032	?loadSysMap@Unicode@@SIHPAUHD2ARCHIVE__@@PBD@Z
lod	1.09d	D2Lang.dll	10033	?sprintf@Unicode@@SAXHPAU1@PBU1@ZZ
lod	1.09d	D2Lang.dll	10034	?strcat@Unicode@@SIPAU1@PAU1@PBU1@@Z
lod	1.09d	D2Lang.dll	10035	?strchr@Unicode@@SIPAU1@PBU1@U1@@Z
lod	1.09d	D2Lang.dll	10036	?strcmp@Unicode@@SIHPBU1@0@Z
lod	1.09d	D2Lang.dll	10037	?strcoll@Unicode@@SIHPBU1@0@Z
lod	1.09d	D2Lang.dll	10038	?strcpy@Unicode@@SIPAU1@PAU1@PBU1@@Z
lod	1.09d	D2Lang.dll	10039	?stricmp@Unicode@@SIHPBU1@0@Z
lod	1.09d	D2Lang.dll	10040	?strlen@Unicode@@SIHPBU1@@Z
lod	1.09d	D2Lang.dll	10041	?strncat@Unicode@@SIPAU1@PAU1@PBU1@H@Z
lod	1.09d	D2Lang.dll	10042	?strncoll@Unicode@@SIHPBU1@0H@Z
lod	1.09d	D2Lang.dll	10043	?strncpy@Unicode@@SIPAU1@PAU1@PBU1@H@Z
lod	1.09d	D2Lang.dll	10044	?strnicmp@Unicode@@SIHPBU1@0I@Z
lod	1.09d	D2Lang.dll	10045	?strstr@Unicode@@SIPAU1@PBU1@0@Z
lod	1.09d	D2Lang.dll	10046	?strstri@Unicode@@SIPAU1@PBU1@0@Z
lod	1.09d	D2Lang.dll	10047	?sys2Unicode@Unicode@@SIPAU1@PAU1@PBDH@Z
lod	1.09d	D2Lang.dll	10048	?sysWidth@Unicode@@SIKPBU1@H@Z
lod	1.09d	D2Lang.dll	10049	?toLower@Unicode@@QBE?AU1@XZ
lod	1.09d	D2Lang.dll	10050	?toUnicode@Unicode@@SIPAU1@PAU1@PBDH@Z
lod	1.09d	D2Lang.dll	10051	?toUpper@Unicode@@QBE?AU1@XZ
lod	1.09d	D2Lang.dll	10052	?toUtf@Unicode@@SIPADPADPBU1@H@Z
lod	1.09d	D2Lang.dll	10053	?unicode2Sys@Unicode@@SIPADPADPBU1@H@Z
lod	1.09d	D2Lang.dll	10054	?unicode2Win@Unicode@@SIPADPADPBU1@H@Z
lod	1.09d	D2Lang.dll	10055	?unicodeWidth@Unicode@@SIKPBDH@Z
lod	1.09d	D2Lang.dll	10056	?unicodenwidth@Unicode@@SIIPBDH@Z
lod	1.09d	D2Lang.dll	10057	?unloadSysMap@Unicode@@SIXXZ
lod	1.09d	D2Lang.dll	10058	?utfnwidth@Unicode@@SIIPBU1@H@Z
lod	1.09d	D2Lang.dll	10059	?utfwidth@Unicode@@QBEHXZ
lod	1.09d	D2Lang.dll	10060	?win2Unicode@Unicode@@SIPAU1@PAU1@PBDH@Z
lod	1.10b_Beta_1	D2Lang.dll	10014	??0Unicode@@QAE@G@Z
lod	1.10b_Beta_1	D2Lang.dll	10015	??4Unicode@@QAEAAU0@ABU0@@Z
lod	1.10b_Beta_1	D2Lang.dll	10016	??BUnicode@@QBEGXZ
lod	1.10b_Beta_1	D2Lang.dll	10017	??_FUnicode@@QAEXXZ
lod	1.10b_Beta_1	D2Lang.dll	10018	?Personalize@Unicode@@SIXPAU1@PBU1@1HW4ELANGUAGE@@@Z
lod	1.10b_Beta_1	D2Lang.dll	10019	?_toLowerTable@Unicode@@0PAGA
lod	1.10b_Beta_1	D2Lang.dll	10020	?_toUpperTable@Unicode@@0PAGA
lod	1.10b_Beta_1	D2Lang.dll	10021	?compare@Unicode@@QBEHU1@@Z
lod	1.10b_Beta_1	D2Lang.dll	10022	?compare@Unicode@@SIHU1@0@Z
lod	1.10b_Beta_1	D2Lang.dll	10023	?directionality@Unicode@@QAE?AW4Direction@1@XZ
lod	1.10b_Beta_1	D2Lang.dll	10024	?isASCII@Unicode@@QBEHXZ
lod	1.10b_Beta_1	D2Lang.dll	10025	?isAlpha@Unicode@@QBEHXZ
lod	1.10b_Beta_1	D2Lang.dll	10026	?isLeftToRight@Unicode@@QBEHXZ
lod	1.10b_Beta_1	D2Lang.dll	10027	?isLineBreak@Unicode@@SIHPBU1@I@Z
lod	1.10b_Beta_1	D2Lang.dll	10028	?isNewline@Unicode@@QBEHXZ
lod	1.10b_Beta_1	D2Lang.dll	10029	?isPipe@Unicode@@QBEHXZ
lod	1.10b_Beta_1	D2Lang.dll	10030	?isWhitespace@Unicode@@QBEHXZ
lod	1.10b_Beta_1	D2Lang.dll	10031	?isWordEnd@Unicode@@SIHPBU1@I@Z
lod	1.10b_Beta_1	D2Lang.dll	10032	?loadSysMap@Unicode@@SIHPAUHD2ARCHIVE__@@PBD@Z
lod	1.10b_Beta_1	D2Lang.dll	10033	?sprintf@Unicode@@SAXHPAU1@PBU1@ZZ
lod	1.10b_Beta_1	D2Lang.dll	10034	?strcat@Unicode@@SIPAU1@PAU1@PBU1@@Z
lod	1.10b_Beta_1	D2Lang.dll	10035	?strchr@Unicode@@SIPAU1@PBU1@U1@@Z
lod	1.10b_Beta_1	D2Lang.dll	10036	?strcmp@Unicode@@SIHPBU1@0@Z
lod	1.10b_Beta_1	D2Lang.dll	10037	?strcoll@Unicode@@SIHPBU1@0@Z
lod	1.10b_Beta_1	D2Lang.dll	10038	?strcpy@Unicode@@SIPAU1@PAU1@PBU1@@Z
lod	1.10b_Beta_1	D2Lang.dll	10039	?stricmp@Unicode@@SIHPBU1@0@Z
lod	1.10b_Beta_1	D2Lang.dll	10040	?strlen@Unicode@@SIHPBU1@@Z
lod	1.10b_Beta_1	D2Lang.dll	10041	?strncat@Unicode@@SIPAU1@PAU1@PBU1@H@Z
lod	1.10b_Beta_1	D2Lang.dll	10042	?strncmp@Unicode@@SIHPBU1@0I@Z
lod	1.10b_Beta_1	D2Lang.dll	10043	?strncoll@Unicode@@SIHPBU1@0H@Z
lod	1.10b_Beta_1	D2Lang.dll	10044	?strncpy@Unicode@@SIPAU1@PAU1@PBU1@H@Z
lod	1.10b_Beta_1	D2Lang.dll	10045	?strnicmp@Unicode@@SIHPBU1@0I@Z
lod	1.10b_Beta_1	D2Lang.dll	10046	?strstr@Unicode@@SIPAU1@PBU1@0@Z
lod	1.10b_Beta_1	D2Lang.dll	10047	?strstri@Unicode@@SIPAU1@PBU1@0@Z
lod	1.10b_Beta_1	D2Lang.dll	10048	?sys2Unicode@Unicode@@SIPAU1@PAU1@PBDH@Z
lod	1.10b_Beta_1	D2Lang.dll	10049	?sysWidth@Unicode@@SIKPBU1@H@Z
lod	1.10b_Beta_1	D2Lang.dll	10050	?toLower@Unicode@@QBE?AU1@XZ
lod	1.10b_Beta_1	D2Lang.dll	10051	?toUnicode@Unicode@@SIPAU1@PAU1@PBDH@Z
lod	1.10b_Beta_1	D2Lang.dll	10052	?toUpper@Unicode@@QBE?AU1@XZ
lod	1.10b_Beta_1	D2Lang.dll	10053	?toUtf@Unicode@@SIPADPADPBU1@H@Z
lod	1.10b_Beta_1	D2Lang.dll	10054	?unicode2Sys@Unicode@@SIPADPADPBU1@H@Z
lod	1.10b_Beta_1	D2Lang.dll	10055	?unicode2Win@Unicode@@SIPADPADPBU1@H@Z
lod	1.10b_Beta_1	D2Lang.dll	10056	?unicodeWidth@Unicode@@SIKPBDH@Z
lod	1.10b_Beta_1	D2Lang.dll	10057	?unicodenwidth@Unicode@@SIIPBDH@Z
lod	1.10b_Beta_1	D2Lang.dll	10058	?unloadSysMap@Unicode@@SIXXZ
lod	1.10b_Beta_1	D2Lang.dll	10059	?utfnwidth@Unicode@@SIIPBU1@H@Z
lod	1.10b_Beta_1	D2Lang.dll	10060	?utfwidth@Unicode@@QBEHXZ
lod	1.10b_Beta_1	D2Lang.dll	10061	?win2Unicode@Unicode@@SIPAU1@PAU1@PBDH@Z
lod	1.10f	D2Lang.dll	10014	??0Unicode@@QAE@G@Z
lod	1.10f	D2Lang.dll	10015	??4Unicode@@QAEAAU0@ABU0@@Z
lod	1.10f	D2Lang.dll	10016	??BUnicode@@QBEGXZ
lod	1.10f	D2Lang.dll	10017	??_FUnicode@@QAEXXZ
lod	1.10f	D2Lang.dll	10018	?Personalize@Unicode@@SIXPAU1@PBU1@1HW4ELANGUAGE@@@Z
lod	1.10f	D2Lang.dll	10019	?_toLowerTable@Unicode@@0PAGA
lod	1.10f	D2Lang.dll	10020	?_toUpperTable@Unicode@@0PAGA
lod	1.10f	D2Lang.dll	10021	?compare@Unicode@@QBEHU1@@Z
lod	1.10f	D2Lang.dll	10022	?compare@Unicode@@SIHU1@0@Z
lod	1.10f	D2Lang.dll	10023	?directionality@Unicode@@QAE?AW4Direction@1@XZ
lod	1.10f	D2Lang.dll	10024	?isASCII@Unicode@@QBEHXZ
lod	1.10f	D2Lang.dll	10025	?isAlpha@Unicode@@QBEHXZ
lod	1.10f	D2Lang.dll	10026	?isLeftToRight@Unicode@@QBEHXZ
lod	1.10f	D2Lang.dll	10027	?isLineBreak@Unicode@@SIHPBU1@I@Z
lod	1.10f	D2Lang.dll	10028	?isNewline@Unicode@@QBEHXZ
lod	1.10f	D2Lang.dll	10029	?isPipe@Unicode@@QBEHXZ
lod	1.10f	D2Lang.dll	10030	?isWhitespace@Unicode@@QBEHXZ
lod	1.10f	D2Lang.dll	10031	?isWordEnd@Unicode@@SIHPBU1@I@Z
lod	1.10f	D2Lang.dll	10032	?loadSysMap@Unicode@@SIHPAUHD2ARCHIVE__@@PBD@Z
lod	1.10f	D2Lang.dll	10033	?sprintf@Unicode@@SAXHPAU1@PBU1@ZZ
lod	1.10f	D2Lang.dll	10034	?strcat@Unicode@@SIPAU1@PAU1@PBU1@@Z
lod	1.10f	D2Lang.dll	10035	?strchr@Unicode@@SIPAU1@PBU1@U1@@Z
lod	1.10f	D2Lang.dll	10036	?strcmp@Unicode@@SIHPBU1@0@Z
lod	1.10f	D2Lang.dll	10037	?strcoll@Unicode@@SIHPBU1@0@Z
lod	1.10f	D2Lang.dll	10038	?strcpy@Unicode@@SIPAU1@PAU1@PBU1@@Z
lod	1.10f	D2Lang.dll	10039	?stricmp@Unicode@@SIHPBU1@0@Z
lod	1.10f	D2Lang.dll	10040	?strlen@Unicode@@SIHPBU1@@Z
lod	1.10f	D2Lang.dll	10041	?strncat@Unicode@@SIPAU1@PAU1@PBU1@H@Z
lod	1.10f	D2Lang.dll	10042	?strncmp@Unicode@@SIHPBU1@0I@Z
lod	1.10f	D2Lang.dll	10043	?strncoll@Unicode@@SIHPBU1@0H@Z
lod	1.10f	D2Lang.dll	10044	?strncpy@Unicode@@SIPAU1@PAU1@PBU1@H@Z
lod	1.10f	D2Lang.dll	10045	?strnicmp@Unicode@@SIHPBU1@0I@Z
lod	1.10f	D2Lang.dll	10046	?strstr@Unicode@@SIPAU1@PBU1@0@Z
lod	1.10f	D2Lang.dll	10047	?strstri@Unicode@@SIPAU1@PBU1@0@Z
lod	1.10f	D2Lang.dll	10048	?sys2Unicode@Unicode@@SIPAU1@PAU1@PBDH@Z
lod	1.10f	D2Lang.dll	10049	?sysWidth@Unicode@@SIKPBU1@H@Z
lod	1.10f	D2Lang.dll	10050	?toLower@Unicode@@QBE?AU1@XZ
lod	1.10f	D2Lang.dll	10051	?toUnicode@Unicode@@SIPAU1@PAU1@PBDH@Z
lod	1.10f	D2Lang.dll	10052	?toUpper@Unicode@@QBE?AU1@XZ
lod	1.10f	D2Lang.dll	10053	?toUtf@Unicode@@SIPADPADPBU1@H@Z
lod	1.10f	D2Lang.dll	10054	?unicode2Sys@Unicode@@SIPADPADPBU1@H@Z
lod	1.10f	D2Lang.dll	10055	?unicode2Win@Unicode@@SIPADPADPBU1@H@Z
lod	1.10f	D2Lang.dll	10056	?unicodeWidth@Unicode@@SIKPBDH@Z
lod	1.10f	D2Lang.dll	10057	?unicodenwidth@Unicode@@SIIPBDH@Z
lod	1.10f	D2Lang.dll	10058	?unloadSysMap@Unicode@@SIXXZ
lod	1.10f	D2Lang.dll	10059	?utf8ToUnicode@Unicode@@SIPAU1@PAU1@PBDH@Z
lod	1.10f	D2Lang.dll	10060	?utfnwidth@Unicode@@SIIPBU1@H@Z
lod	1.10f	D2Lang.dll	10061	?utfwidth@Unicode@@QBEHXZ
lod	1.10f	D2Lang.dll	10062	?win2Unicode@Unicode@@SIPAU1@PAU1@PBDH@Z
lod	1.10s_Beta_2	D2Lang.dll	10014	??0Unicode@@QAE@G@Z
lod	1.10s_Beta_2	D2Lang.dll	10015	??4Unicode@@QAEAAU0@ABU0@@Z
lod	1.10s_Beta_2	D2Lang.dll	10016	??BUnicode@@QBEGXZ
lod	1.10s_Beta_2	D2Lang.dll	10017	??_FUnicode@@QAEXXZ
lod	1.10s_Beta_2	D2Lang.dll	10018	?Personalize@Unicode@@SIXPAU1@PBU1@1HW4ELANGUAGE@@@Z
lod	1.10s_Beta_2	D2Lang.dll	10019	?_toLowerTable@Unicode@@0PAGA
lod	1.10s_Beta_2	D2Lang.dll	10020	?_toUpperTable@Unicode@@0PAGA
lod	1.10s_Beta_2	D2Lang.dll	10021	?compare@Unicode@@QBEHU1@@Z
lod	1.10s_Beta_2	D2Lang.dll	10022	?compare@Unicode@@SIHU1@0@Z
lod	1.10s_Beta_2	D2Lang.dll	10023	?directionality@Unicode@@QAE?AW4Direction@1@XZ
lod	1.10s_Beta_2	D2Lang.dll	10024	?isASCII@Unicode@@QBEHXZ
lod	1.10s_Beta_2	D2Lang.dll	10025	?isAlpha@Unicode@@QBEHXZ
lod	1.10s_Beta_2	D2Lang.dll	10026	?isLeftToRight@Unicode@@QBEHXZ
lod	1.10s_Beta_2	D2Lang.dll	10027	?isLineBreak@Unicode@@SIHPBU1@I@Z
lod	1.10s_Beta_2	D2Lang.dll	10028	?isNewline@Unicode@@QBEHXZ
lod	1.10s_Beta_2	D2Lang.dll	10029	?isPipe@Unicode@@QBEHXZ
lod	1.10s_Beta_2	D2Lang.dll	10030	?isWhitespace@Unicode@@QBEHXZ
lod	1.10s_Beta_2	D2Lang.dll	10031	?isWordEnd@Unicode@@SIHPBU1@I@Z
lod	1.10s_Beta_2	D2Lang.dll	10032	?loadSysMap@Unicode@@SIHPAUHD2ARCHIVE__@@PBD@Z
lod	1.10s_Beta_2	D2Lang.dll	10033	?sprintf@Unicode@@SAXHPAU1@PBU1@ZZ
lod	1.10s_Beta_2	D2Lang.dll	10034	?strcat@Unicode@@SIPAU1@PAU1@PBU1@@Z
lod	1.10s_Beta_2	D2Lang.dll	10035	?strchr@Unicode@@SIPAU1@PBU1@U1@@Z
lod	1.10s_Beta_2	D2Lang.dll	10036	?strcmp@Unicode@@SIHPBU1@0@Z
lod	1.10s_Beta_2	D2Lang.dll	10037	?strcoll@Unicode@@SIHPBU1@0@Z
lod	1.10s_Beta_2	D2Lang.dll	10038	?strcpy@Unicode@@SIPAU1@PAU1@PBU1@@Z
lod	1.10s_Beta_2	D2Lang.dll	10039	?stricmp@Unicode@@SIHPBU1@0@Z
lod	1.10s_Beta_2	D2Lang.dll	10040	?strlen@Unicode@@SIHPBU1@@Z
lod	1.10s_Beta_2	D2Lang.dll	10041	?strncat@Unicode@@SIPAU1@PAU1@PBU1@H@Z
lod	1.10s_Beta_2	D2Lang.dll	10042	?strncmp@Unicode@@SIHPBU1@0I@Z
lod	1.10s_Beta_2	D2Lang.dll	10043	?strncoll@Unicode@@SIHPBU1@0H@Z
lod	1.10s_Beta_2	D2Lang.dll	10044	?strncpy@Unicode@@SIPAU1@PAU1@PBU1@H@Z
lod	1.10s_Beta_2	D2Lang.dll	10045	?strnicmp@Unicode@@SIHPBU1@0I@Z
lod	1.10s_Beta_2	D2Lang.dll	10046	?strstr@Unicode@@SIPAU1@PBU1@0@Z
lod	1.10s_Beta_2	D2Lang.dll	10047	?strstri@Unicode@@SIPAU1@PBU1@0@Z
lod	1.10s_Beta_2	D2Lang.dll	10048	?sys2Unicode@Unicode@@SIPAU1@PAU1@PBDH@Z
lod	1.10s_Beta_2	D2Lang.dll	10049	?sysWidth@Unicode@@SIKPBU1@H@Z
lod	1.10s_Beta_2	D2Lang.dll	10050	?toLower@Unicode@@QBE?AU1@XZ
lod	1.10s_Beta_2	D2Lang.dll	10051	?toUnicode@Unicode@@SIPAU1@PAU1@PBDH@Z
lod	1.10s_Beta_2	D2Lang.dll	10052	?toUpper@Unicode@@QBE?AU1@XZ
lod	1.10s_Beta_2	D2Lang.dll	10053	?toUtf@Unicode@@SIPADPADPBU1@H@Z
lod	1.10s_Beta_2	D2Lang.dll	10054	?unicode2Sys@Unicode@@SIPADPADPBU1@H@Z
lod	1.10s_Beta_2	D2Lang.dll	10055	?unicode2Win@Unicode@@SIPADPADPBU1@H@Z
lod	1.10s_Beta_2	D2Lang.dll	10056	?unicodeWidth@Unicode@@SIKPBDH@Z
lod	1.10s_Beta_2	D2Lang.dll	10057	?unicodenwidth@Unicode@@SIIPBDH@Z
lod	1.10s_Beta_2	D2Lang.dll	10058	?unloadSysMap@Unicode@@SIXXZ
lod	1.10s_Beta_2	D2Lang.dll	10059	?utfnwidth@Unicode@@SIIPBU1@H@Z
lod	1.10s_Beta_2	D2Lang.dll	10060	?utfwidth@Unicode@@QBEHXZ
lod	1.10s_Beta_2	D2Lang.dll	10061	?win2Unicode@Unicode@@SIPAU1@PAU1@PBDH@Z
lod	1.11	D2Lang.dll	10014	??0Unicode@@QAE@G@Z
lod	1.11	D2Lang.dll	10015	??4Unicode@@QAEAAU0@ABU0@@Z
lod	1.11	D2Lang.dll	10016	??BUnicode@@QBEGXZ
lod	1.11	D2Lang.dll	10017	??_FUnicode@@QAEXXZ
lod	1.11	D2Lang.dll	10018	?Personalize@Unicode@@SIXPAU1@PBU1@1HW4ELANGUAGE@@@Z
lod	1.11	D2Lang.dll	10019	?_toLowerTable@Unicode@@0PAGA
lod	1.11	D2Lang.dll	10020	?_toUpperTable@Unicode@@0PAGA
lod	1.11	D2Lang.dll	10021	?compare@Unicode@@QBEHU1@@Z
lod	1.11	D2Lang.dll	10022	?compare@Unicode@@SIHU1@0@Z
lod	1.11	D2Lang.dll	10023	?directionality@Unicode@@QAE?AW4Direction@1@XZ
lod	1.11	D2Lang.dll	10024	?isASCII@Unicode@@QBEHXZ
lod	1.11	D2Lang.dll	10025	?isAlpha@Unicode@@QBEHXZ
lod	1.11	D2Lang.dll	10026	?isLeftToRight@Unicode@@QBEHXZ
lod	1.11	D2Lang.dll	10027	?isLineBreak@Unicode@@SIHPBU1@I@Z
lod	1.11	D2Lang.dll	10028	?isNewline@Unicode@@QBEHXZ
lod	1.11	D2Lang.dll	10029	?isPipe@Unicode@@QBEHXZ
lod	1.11	D2Lang.dll	10030	?isWhitespace@Unicode@@QBEHXZ
lod	1.11	D2Lang.dll	10031	?isWordEnd@Unicode@@SIHPBU1@I@Z
lod	1.11	D2Lang.dll	10032	?loadSysMap@Unicode@@SIHPAUHD2ARCHIVE__@@PBD@Z
lod	1.11	D2Lang.dll	10033	?sprintf@Unicode@@SAXHPAU1@PBU1@ZZ
lod	1.11	D2Lang.dll	10034	?strcat@Unicode@@SIPAU1@PAU1@PBU1@@Z
lod	1.11	D2Lang.dll	10035	?strchr@Unicode@@SIPAU1@PBU1@U1@@Z
lod	1.11	D2Lang.dll	10036	?strcmp@Unicode@@SIHPBU1@0@Z
lod	1.11	D2Lang.dll	10037	?strcoll@Unicode@@SIHPBU1@0@Z
lod	1.11	D2Lang.dll	10038	?strcpy@Unicode@@SIPAU1@PAU1@PBU1@@Z
lod	1.11	D2Lang.dll	10039	?stricmp@Unicode@@SIHPBU1@0@Z
lod	1.11	D2Lang.dll	10040	?strlen@Unicode@@SIHPBU1@@Z
lod	1.11	D2Lang.dll	10041	?strncat@Unicode@@SIPAU1@PAU1@PBU1@H@Z
lod	1.11	D2Lang.dll	10042	?strncmp@Unicode@@SIHPBU1@0I@Z
lod	1.11	D2Lang.dll	10043	?strncoll@Unicode@@SIHPBU1@0H@Z
lod	1.11	D2Lang.dll	10044	?strncpy@Unicode@@SIPAU1@PAU1@PBU1@H@Z
lod	1.11	D2Lang.dll	10045	?strnicmp@Unicode@@SIHPBU1@0I@Z
lod	1.11	D2Lang.dll	10046	?strstr@Unicode@@SIPAU1@PBU1@0@Z
lod	1.11	D2Lang.dll	10047	?strstri@Unicode@@SIPAU1@PBU1@0@Z
lod	1.11	D2Lang.dll	10048	?sys2Unicode@Unicode@@SIPAU1@PAU1@PBDH@Z
lod	1.11	D2Lang.dll	10049	?sysWidth@Unicode@@SIKPBU1@H@Z
lod	1.11	D2Lang.dll	10050	?toLower@Unicode@@QBE?AU1@XZ
lod	1.11	D2Lang.dll	10051	?toUnicode@Unicode@@SIPAU1@PAU1@PBDH@Z
lod	1.11	D2Lang.dll	10052	?toUpper@Unicode@@QBE?AU1@XZ
lod	1.11	D2Lang.dll	10053	?toUtf@Unicode@@SIPADPADPBU1@H@Z
lod	1.11	D2Lang.dll	10054	?unicode2Sys@Unicode@@SIPADPADPBU1@H@Z
lod	1.11	D2Lang.dll	10055	?unicode2Win@Unicode@@SIPADPADPBU1@H@Z
lod	1.11	D2Lang.dll	10056	?unicodeWidth@Unicode@@SIKPBDH@Z
lod	1.11	D2Lang.dll	10057	?unicodenwidth@Unicode@@SIIPBDH@Z
lod	1.11	D2Lang.dll	10058	?unloadSysMap@Unicode@@SIXXZ
lod	1.11	D2Lang.dll	10059	?utf8ToUnicode@Unicode@@SIPAU1@PAU1@PBDH@Z
lod	1.11	D2Lang.dll	10060	?utfnwidth@Unicode@@SIIPBU1@H@Z
lod	1.11	D2Lang.dll	10061	?utfwidth@Unicode@@QBEHXZ
lod	1.11	D2Lang.dll	10062	?win2Unicode@Unicode@@SIPAU1@PAU1@PBDH@Z
lod	1.11b	D2Lang.dll	10014	??0Unicode@@QAE@G@Z
lod	1.11b	D2Lang.dll	10015	??4Unicode@@QAEAAU0@ABU0@@Z
lod	1.11b	D2Lang.dll	10016	??BUnicode@@QBEGXZ
lod	1.11b	D2Lang.dll	10017	??_FUnicode@@QAEXXZ
lod	1.11b	D2Lang.dll	10018	?Personalize@Unicode@@SIXPAU1@PBU1@1HW4ELANGUAGE@@@Z
lod	1.11b	D2Lang.dll	10019	?_toLowerTable@Unicode@@0PAGA
lod	1.11b	D2Lang.dll	10020	?_toUpperTable@Unicode@@0PAGA
lod	1.11b	D2Lang.dll	10021	?compare@Unicode@@QBEHU1@@Z
lod	1.11b	D2Lang.dll	10022	?compare@Unicode@@SIHU1@0@Z
lod	1.11b	D2Lang.dll	10023	?directionality@Unicode@@QAE?AW4Direction@1@XZ
lod	1.11b	D2Lang.dll	10024	?isASCII@Unicode@@QBEHXZ
lod	1.11b	D2Lang.dll	10025	?isAlpha@Unicode@@QBEHXZ
lod	1.11b	D2Lang.dll	10026	?isLeftToRight@Unicode@@QBEHXZ
lod	1.11b	D2Lang.dll	10027	?isLineBreak@Unicode@@SIHPBU1@I@Z
lod	1.11b	D2Lang.dll	10028	?isNewline@Unicode@@QBEHXZ
lod	1.11b	D2Lang.dll	10029	?isPipe@Unicode@@QBEHXZ
lod	1.11b	D2Lang.dll	10030	?isWhitespace@Unicode@@QBEHXZ
lod	1.11b	D2Lang.dll	10031	?isWordEnd@Unicode@@SIHPBU1@I@Z
lod	1.11b	D2Lang.dll	10032	?loadSysMap@Unicode@@SIHPAUHD2ARCHIVE__@@PBD@Z
lod	1.11b	D2Lang.dll	10033	?sprintf@Unicode@@SAXHPAU1@PBU1@ZZ
lod	1.11b	D2Lang.dll	10034	?strcat@Unicode@@SIPAU1@PAU1@PBU1@@Z
lod	1.11b	D2Lang.dll	10035	?strchr@Unicode@@SIPAU1@PBU1@U1@@Z
lod	1.11b	D2Lang.dll	10036	?strcmp@Unicode@@SIHPBU1@0@Z
lod	1.11b	D2Lang.dll	10037	?strcoll@Unicode@@SIHPBU1@0@Z
lod	1.11b	D2Lang.dll	10038	?strcpy@Unicode@@SIPAU1@PAU1@PBU1@@Z
lod	1.11b	D2Lang.dll	10039	?stricmp@Unicode@@SIHPBU1@0@Z
lod	1.11b	D2Lang.dll	10040	?strlen@Unicode@@SIHPBU1@@Z
lod	1.11b	D2Lang.dll	10041	?strncat@Unicode@@SIPAU1@PAU1@PBU1@H@Z
lod	1.11b	D2Lang.dll	10042	?strncmp@Unicode@@SIHPBU1@0I@Z
lod	1.11b	D2Lang.dll	10043	?strncoll@Unicode@@SIHPBU1@0H@Z
lod	1.11b	D2Lang.dll	10044	?strncpy@Unicode@@SIPAU1@PAU1@PBU1@H@Z
lod	1.11b	D2Lang.dll	10045	?strnicmp@Unicode@@SIHPBU1@0I@Z
lod	1.11b	D2Lang.dll	10046	?strstr@Unicode@@SIPAU1@PBU1@0@Z
lod	1.11b	D2Lang.dll	10047	?strstri@Unicode@@SIPAU1@PBU1@0@Z
lod	1.11b	D2Lang.dll	10048	?sys2Unicode@Unicode@@SIPAU1@PAU1@PBDH@Z
lod	1.11b	D2Lang.dll	10049	?sysWidth@Unicode@@SIKPBU1@H@Z
lod	1.11b	D2Lang.dll	10050	?toLower@Unicode@@QBE?AU1@XZ
lod	1.11b	D2Lang.dll	10051	?toUnicode@Unicode@@SIPAU1@PAU1@PBDH@Z
lod	1.11b	D2Lang.dll	10052	?toUpper@Unicode@@QBE?AU1@XZ
lod	1.11b	D2Lang.dll	10053	?toUtf@Unicode@@SIPADPADPBU1@H@Z
lod	1.11b	D2Lang.dll	10054	?unicode2Sys@Unicode@@SIPADPADPBU1@H@Z
lod	1.11b	D2Lang.dll	10055	?unicode2Win@Unicode@@SIPADPADPBU1@H@Z
lod	1.11b	D2Lang.dll	10056	?unicodeWidth@Unicode@@SIKPBDH@Z
lod	1.11b	D2Lang.dll	10057	?unicodenwidth@Unicode@@SIIPBDH@Z
lod	1.11b	D2Lang.dll	10058	?unloadSysMap@Unicode@@SIXXZ
lod	1.11b	D2Lang.dll	10059	?utf8ToUnicode@Unicode@@SIPAU1@PAU1@PBDH@Z
lod	1.11b	D2Lang.dll	10060	?utfnwidth@Unicode@@SIIPBU1@H@Z
lod	1.11b	D2Lang.dll	10061	?utfwidth@Unicode@@QBEHXZ
lod	1.11b	D2Lang.dll	10062	?win2Unicode@Unicode@@SIPAU1@PAU1@PBDH@Z
lod	1.12a	D2Lang.dll	10014	??0Unicode@@QAE@G@Z
lod	1.12a	D2Lang.dll	10015	??4Unicode@@QAEAAU0@ABU0@@Z
lod	1.12a	D2Lang.dll	10016	??BUnicode@@QBEGXZ
lod	1.12a	D2Lang.dll	10017	??_FUnicode@@QAEXXZ
lod	1.12a	D2Lang.dll	10018	?Personalize@Unicode@@SIXPAU1@PBU1@1HW4ELANGUAGE@@@Z
lod	1.12a	D2Lang.dll	10019	?_toLowerTable@Unicode@@0PAGA
lod	1.12a	D2Lang.dll	10020	?_toUpperTable@Unicode@@0PAGA
lod	1.12a	D2Lang.dll	10021	?compare@Unicode@@QBEHU1@@Z
lod	1.12a	D2Lang.dll	10022	?compare@Unicode@@SIHU1@0@Z
lod	1.12a	D2Lang.dll	10023	?directionality@Unicode@@QAE?AW4Direction@1@XZ
lod	1.12a	D2Lang.dll	10024	?isASCII@Unicode@@QBEHXZ
lod	1.12a	D2Lang.dll	10025	?isAlpha@Unicode@@QBEHXZ
lod	1.12a	D2Lang.dll	10026	?isLeftToRight@Unicode@@QBEHXZ
lod	1.12a	D2Lang.dll	10027	?isLineBreak@Unicode@@SIHPBU1@I@Z
lod	1.12a	D2Lang.dll	10028	?isNewline@Unicode@@QBEHXZ
lod	1.12a	D2Lang.dll	10029	?isPipe@Unicode@@QBEHXZ
lod	1.12a	D2Lang.dll	10030	?isWhitespace@Unicode@@QBEHXZ
lod	1.12a	D2Lang.dll	10031	?isWordEnd@Unicode@@SIHPBU1@I@Z
lod	1.12a	D2Lang.dll	10032	?loadSysMap@Unicode@@SIHPAUHD2ARCHIVE__@@PBD@Z
lod	1.12a	D2Lang.dll	10033	?sprintf@Unicode@@SAXHPAU1@PBU1@ZZ
lod	1.12a	D2Lang.dll	10034	?strcat@Unicode@@SIPAU1@PAU1@PBU1@@Z
lod	1.12a	D2Lang.dll	10035	?strchr@Unicode@@SIPAU1@PBU1@U1@@Z
lod	1.12a	D2Lang.dll	10036	?strcmp@Unicode@@SIHPBU1@0@Z
lod	1.12a	D2Lang.dll	10037	?strcoll@Unicode@@SIHPBU1@0@Z
lod	1.12a	D2Lang.dll	10038	?strcpy@Unicode@@SIPAU1@PAU1@PBU1@@Z
lod	1.12a	D2Lang.dll	10039	?stricmp@Unicode@@SIHPBU1@0@Z
lod	1.12a	D2Lang.dll	10040	?strlen@Unicode@@SIHPBU1@@Z
lod	1.12a	D2Lang.dll	10041	?strncat@Unicode@@SIPAU1@PAU1@PBU1@H@Z
lod	1.12a	D2Lang.dll	10042	?strncmp@Unicode@@SIHPBU1@0I@Z
lod	1.12a	D2Lang.dll	10043	?strncoll@Unicode@@SIHPBU1@0H@Z
lod	1.12a	D2Lang.dll	10044	?strncpy@Unicode@@SIPAU1@PAU1@PBU1@H@Z
lod	1.12a	D2Lang.dll	10045	?strnicmp@Unicode@@SIHPBU1@0I@Z
lod	1.12a	D2Lang.dll	10046	?strstr@Unicode@@SIPAU1@PBU1@0@Z
lod	1.12a	D2Lang.dll	10047	?strstri@Unicode@@SIPAU1@PBU1@0@Z
lod	1.12a	D2Lang.dll	10048	?sys2Unicode@Unicode@@SIPAU1@PAU1@PBDH@Z
lod	1.12a	D2Lang.dll	10049	?sysWidth@Unicode@@SIKPBU1@H@Z
lod	1.12a	D2Lang.dll	10050	?toLower@Unicode@@QBE?AU1@XZ
lod	1.12a	D2Lang.dll	10051	?toUnicode@Unicode@@SIPAU1@PAU1@PBDH@Z
lod	1.12a	D2Lang.dll	10052	?toUpper@Unicode@@QBE?AU1@XZ
lod	1.12a	D2Lang.dll	10053	?toUtf@Unicode@@SIPADPADPBU1@H@Z
lod	1.12a	D2Lang.dll	10054	?unicode2Sys@Unicode@@SIPADPADPBU1@H@Z
lod	1.12a	D2Lang.dll	10055	?unicode2Win@Unicode@@SIPADPADPBU1@H@Z
lod	1.12a	D2Lang.dll	10056	?unicodeWidth@Unicode@@SIKPBDH@Z
lod	1.12a	D2Lang.dll	10057	?unicodenwidth@Unicode@@SIIPBDH@Z
lod	1.12a	D2Lang.dll	10058	?unloadSysMap@Unicode@@SIXXZ
lod	1.12a	D2Lang.dll	10059	?utf8ToUnicode@Unicode@@SIPAU1@PAU1@PBDH@Z
lod	1.12a	D2Lang.dll	10060	?utfnwidth@Unicode@@SIIPBU1@H@Z
lod	1.12a	D2Lang.dll	10061	?utfwidth@Unicode@@QBEHXZ
lod	1.12a	D2Lang.dll	10062	?win2Unicode@Unicode@@SIPAU1@PAU1@PBDH@Z
lod	1.13a_Beta	D2Lang.dll	10014	??0Unicode@@QAE@G@Z
lod	1.13a_Beta	D2Lang.dll	10015	??4Unicode@@QAEAAU0@ABU0@@Z
lod	1.13a_Beta	D2Lang.dll	10016	??BUnicode@@QBEGXZ
lod	1.13a_Beta	D2Lang.dll	10017	??_FUnicode@@QAEXXZ
lod	1.13a_Beta	D2Lang.dll	10018	?Personalize@Unicode@@SIXPAU1@PBU1@1HW4ELANGUAGE@@@Z
lod	1.13a_Beta	D2Lang.dll	10019	?_toLowerTable@Unicode@@0PAGA
lod	1.13a_Beta	D2Lang.dll	10020	?_toUpperTable@Unicode@@0PAGA
lod	1.13a_Beta	D2Lang.dll	10021	?compare@Unicode@@QBEHU1@@Z
lod	1.13a_Beta	D2Lang.dll	10022	?compare@Unicode@@SIHU1@0@Z
lod	1.13a_Beta	D2Lang.dll	10023	?directionality@Unicode@@QAE?AW4Direction@1@XZ
lod	1.13a_Beta	D2Lang.dll	10024	?isASCII@Unicode@@QBEHXZ
lod	1.13a_Beta	D2Lang.dll	10025	?isAlpha@Unicode@@QBEHXZ
lod	1.13a_Beta	D2Lang.dll	10026	?isLeftToRight@Unicode@@QBEHXZ
lod	1.13a_Beta	D2Lang.dll	10027	?isLineBreak@Unicode@@SIHPBU1@I@Z
lod	1.13a_Beta	D2Lang.dll	10028	?isNewline@Unicode@@QBEHXZ
lod	1.13a_Beta	D2Lang.dll	10029	?isPipe@Unicode@@QBEHXZ
lod	1.13a_Beta	D2Lang.dll	10030	?isWhitespace@Unicode@@QBEHXZ
lod	1.13a_Beta	D2Lang.dll	10031	?isWordEnd@Unicode@@SIHPBU1@I@Z
lod	1.13a_Beta	D2Lang.dll	10032	?loadSysMap@Unicode@@SIHPAUHD2ARCHIVE__@@PBD@Z
lod	1.13a_Beta	D2Lang.dll	10033	?sprintf@Unicode@@SAXHPAU1@PBU1@ZZ
lod	1.13a_Beta	D2Lang.dll	10034	?strcat@Unicode@@SIPAU1@PAU1@PBU1@@Z
lod	1.13a_Beta	D2Lang.dll	10035	?strchr@Unicode@@SIPAU1@PBU1@U1@@Z
lod	1.13a_Beta	D2Lang.dll	10036	?strcmp@Unicode@@SIHPBU1@0@Z
lod	1.13a_Beta	D2Lang.dll	10037	?strcoll@Unicode@@SIHPBU1@0@Z
lod	1.13a_Beta	D2Lang.dll	10038	?strcpy@Unicode@@SIPAU1@PAU1@PBU1@@Z
lod	1.13a_Beta	D2Lang.dll	10039	?stricmp@Unicode@@SIHPBU1@0@Z
lod	1.13a_Beta	D2Lang.dll	10040	?strlen@Unicode@@SIHPBU1@@Z
lod	1.13a_Beta	D2Lang.dll	10041	?strncat@Unicode@@SIPAU1@PAU1@PBU1@H@Z
lod	1.13a_Beta	D2Lang.dll	10042	?strncmp@Unicode@@SIHPBU1@0I@Z
lod	1.13a_Beta	D2Lang.dll	10043	?strncoll@Unicode@@SIHPBU1@0H@Z
lod	1.13a_Beta	D2Lang.dll	10044	?strncpy@Unicode@@SIPAU1@PAU1@PBU1@H@Z
lod	1.13a_Beta	D2Lang.dll	10045	?strnicmp@Unicode@@SIHPBU1@0I@Z
lod	1.13a_Beta	D2Lang.dll	10046	?strstr@Unicode@@SIPAU1@PBU1@0@Z
lod	1.13a_Beta	D2Lang.dll	10047	?strstri@Unicode@@SIPAU1@PBU1@0@Z
lod	1.13a_Beta	D2Lang.dll	10048	?sys2Unicode@Unicode@@SIPAU1@PAU1@PBDH@Z
lod	1.13a_Beta	D2Lang.dll	10049	?sysWidth@Unicode@@SIKPBU1@H@Z
lod	1.13a_Beta	D2Lang.dll	10050	?toLower@Unicode@@QBE?AU1@XZ
lod	1.13a_Beta	D2Lang.dll	10051	?toUnicode@Unicode@@SIPAU1@PAU1@PBDH@Z
lod	1.13a_Beta	D2Lang.dll	10052	?toUpper@Unicode@@QBE?AU1@XZ
lod	1.13a_Beta	D2Lang.dll	10053	?toUtf@Unicode@@SIPADPADPBU1@H@Z
lod	1.13a_Beta	D2Lang.dll	10054	?unicode2Sys@Unicode@@SIPADPADPBU1@H@Z
lod	1.13a_Beta	D2Lang.dll	10055	?unicode2Win@Unicode@@SIPADPADPBU1@H@Z
lod	1.13a_Beta	D2Lang.dll	10056	?unicodeWidth@Unicode@@SIKPBDH@Z
lod	1.13a_Beta	D2Lang.dll	10057	?unicodenwidth@Unicode@@SIIPBDH@Z
lod	1.13a_Beta	D2Lang.dll	10058	?unloadSysMap@Unicode@@SIXXZ
lod	1.13a_Beta	D2Lang.dll	10059	?utf8ToUnicode@Unicode@@SIPAU1@PAU1@PBDH@Z
lod	1.13a_Beta	D2Lang.dll	10060	?utfnwidth@Unicode@@SIIPBU1@H@Z
lod	1.13a_Beta	D2Lang.dll	10061	?utfwidth@Unicode@@QBEHXZ
lod	1.13a_Beta	D2Lang.dll	10062	?win2Unicode@Unicode@@SIPAU1@PAU1@PBDH@Z
lod	1.13c	D2Lang.dll	10014	??0Unicode@@QAE@G@Z
lod	1.13c	D2Lang.dll	10015	??4Unicode@@QAEAAU0@ABU0@@Z
lod	1.13c	D2Lang.dll	10016	??BUnicode@@QBEGXZ
lod	1.13c	D2Lang.dll	10017	??_FUnicode@@QAEXXZ
lod	1.13c	D2Lang.dll	10018	?Personalize@Unicode@@SIXPAU1@PBU1@1HW4ELANGUAGE@@@Z
lod	1.13c	D2Lang.dll	10019	?_toLowerTable@Unicode@@0PAGA
lod	1.13c	D2Lang.dll	10020	?_toUpperTable@Unicode@@0PAGA
lod	1.13c	D2Lang.dll	10021	?compare@Unicode@@QBEHU1@@Z
lod	1.13c	D2Lang.dll	10022	?compare@Unicode@@SIHU1@0@Z
lod	1.13c	D2Lang.dll	10023	?directionality@Unicode@@QAE?AW4Direction@1@XZ
lod	1.13c	D2Lang.dll	10024	?isASCII@Unicode@@QBEHXZ
lod	1.13c	D2Lang.dll	10025	?isAlpha@Unicode@@QBEHXZ
lod	1.13c	D2Lang.dll	10026	?isLeftToRight@Unicode@@QBEHXZ
lod	1.13c	D2Lang.dll	10027	?isLineBreak@Unicode@@SIHPBU1@I@Z
lod	1.13c	D2Lang.dll	10028	?isNewline@Unicode@@QBEHXZ
lod	1.13c	D2Lang.dll	10029	?isPipe@Unicode@@QBEHXZ
lod	1.13c	D2Lang.dll	10030	?isWhitespace@Unicode@@QBEHXZ
lod	1.13c	D2Lang.dll	10031	?isWordEnd@Unicode@@SIHPBU1@I@Z
lod	1.13c	D2Lang.dll	10032	?loadSysMap@Unicode@@SIHPAUHD2ARCHIVE__@@PBD@Z
lod	1.13c	D2Lang.dll	10033	?sprintf@Unicode@@SAXHPAU1@PBU1@ZZ
lod	1.13c	D2Lang.dll	10034	?strcat@Unicode@@SIPAU1@PAU1@PBU1@@Z
lod	1.13c	D2Lang.dll	10035	?strchr@Unicode@@SIPAU1@PBU1@U1@@Z
lod	1.13c	D2Lang.dll	10036	?strcmp@Unicode@@SIHPBU1@0@Z
lod	1.13c	D2Lang.dll	10037	?strcoll@Unicode@@SIHPBU1@0@Z
lod	1.13c	D2Lang.dll	10038	?strcpy@Unicode@@SIPAU1@PAU1@PBU1@@Z
lod	1.13c	D2Lang.dll	10039	?stricmp@Unicode@@SIHPBU1@0@Z
lod	1.13c	D2Lang.dll	10040	?strlen@Unicode@@SIHPBU1@@Z
lod	1.13c	D2Lang.dll	10041	?strncat@Unicode@@SIPAU1@PAU1@PBU1@H@Z
lod	1.13c	D2Lang.dll	10042	?strncmp@Unicode@@SIHPBU1@0I@Z
lod	1.13c	D2Lang.dll	10043	?strncoll@Unicode@@SIHPBU1@0H@Z
lod	1.13c	D2Lang.dll	10044	?strncpy@Unicode@@SIPAU1@PAU1@PBU1@H@Z
lod	1.13c	D2Lang.dll	10045	?strnicmp@Unicode@@SIHPBU1@0I@Z
lod	1.13c	D2Lang.dll	10046	?strstr@Unicode@@SIPAU1@PBU1@0@Z
lod	1.13c	D2Lang.dll	10047	?strstri@Unicode@@SIPAU1@PBU1@0@Z
lod	1.13c	D2Lang.dll	10048	?sys2Unicode@Unicode@@SIPAU1@PAU1@PBDH@Z
lod	1.13c	D2Lang.dll	10049	?sysWidth@Unicode@@SIKPBU1@H@Z
lod	1.13c	D2Lang.dll	10050	?toLower@Unicode@@QBE?AU1@XZ
lod	1.13c	D2Lang.dll	10051	?toUnicode@Unicode@@SIPAU1@PAU1@PBDH@Z
lod	1.13c	D2Lang.dll	10052	?toUpper@Unicode@@QBE?AU1@XZ
lod	1.13c	D2Lang.dll	10053	?toUtf@Unicode@@SIPADPADPBU1@H@Z
lod	1.13c	D2Lang.dll	10054	?unicode2Sys@Unicode@@SIPADPADPBU1@H@Z
lod	1.13c	D2Lang.dll	10055	?unicode2Win@Unicode@@SIPADPADPBU1@H@Z
lod	1.13c	D2Lang.dll	10056	?unicodeWidth@Unicode@@SIKPBDH@Z
lod	1.13c	D2Lang.dll	10057	?unicodenwidth@Unicode@@SIIPBDH@Z
lod	1.13c	D2Lang.dll	10058	?unloadSysMap@Unicode@@SIXXZ
lod	1.13c	D2Lang.dll	10059	?utf8ToUnicode@Unicode@@SIPAU1@PAU1@PBDH@Z
lod	1.13c	D2Lang.dll	10060	?utfnwidth@Unicode@@SIIPBU1@H@Z
lod	1.13c	D2Lang.dll	10061	?utfwidth@Unicode@@QBEHXZ
lod	1.13c	D2Lang.dll	10062	?win2Unicode@Unicode@@SIPAU1@PAU1@PBDH@Z
lod	1.13d	D2Lang.dll	10014	??0Unicode@@QAE@G@Z
lod	1.13d	D2Lang.dll	10015	??4Unicode@@QAEAAU0@ABU0@@Z
lod	1.13d	D2Lang.dll	10016	??BUnicode@@QBEGXZ
lod	1.13d	D2Lang.dll	10017	??_FUnicode@@QAEXXZ
lod	1.13d	D2Lang.dll	10018	?Personalize@Unicode@@SIXPAU1@PBU1@1HW4ELANGUAGE@@@Z
lod	1.13d	D2Lang.dll	10019	?_toLowerTable@Unicode@@0PAGA
lod	1.13d	D2Lang.dll	10020	?_toUpperTable@Unicode@@0PAGA
lod	1.13d	D2Lang.dll	10021	?compare@Unicode@@QBEHU1@@Z
lod	1.13d	D2Lang.dll	10022	?compare@Unicode@@SIHU1@0@Z
lod	1.13d	D2Lang.dll	10023	?directionality@Unicode@@QAE?AW4Direction@1@XZ
lod	1.13d	D2Lang.dll	10024	?isASCII@Unicode@@QBEHXZ
lod	1.13d	D2Lang.dll	10025	?isAlpha@Unicode@@QBEHXZ
lod	1.13d	D2Lang.dll	10026	?isLeftToRight@Unicode@@QBEHXZ
lod	1.13d	D2Lang.dll	10027	?isLineBreak@Unicode@@SIHPBU1@I@Z
lod	1.13d	D2Lang.dll	10028	?isNewline@Unicode@@QBEHXZ
lod	1.13d	D2Lang.dll	10029	?isPipe@Unicode@@QBEHXZ
lod	1.13d	D2Lang.dll	10030	?isWhitespace@Unicode@@QBEHXZ
lod	1.13d	D2Lang.dll	10031	?isWordEnd@Unicode@@SIHPBU1@I@Z
lod	1.13d	D2Lang.dll	10032	?loadSysMap@Unicode@@SIHPAUHD2ARCHIVE__@@PBD@Z
lod	1.13d	D2Lang.dll	10033	?sprintf@Unicode@@SAXHPAU1@PBU1@ZZ
lod	1.13d	D2Lang.dll	10034	?strcat@Unicode@@SIPAU1@PAU1@PBU1@@Z
lod	1.13d	D2Lang.dll	10035	?strchr@Unicode@@SIPAU1@PBU1@U1@@Z
lod	1.13d	D2Lang.dll	10036	?strcmp@Unicode@@SIHPBU1@0@Z
lod	1.13d	D2Lang.dll	10037	?strcoll@Unicode@@SIHPBU1@0@Z
lod	1.13d	D2Lang.dll	10038	?strcpy@Unicode@@SIPAU1@PAU1@PBU1@@Z
lod	1.13d	D2Lang.dll	10039	?stricmp@Unicode@@SIHPBU1@0@Z
lod	1.13d	D2Lang.dll	10040	?strlen@Unicode@@SIHPBU1@@Z
lod	1.13d	D2Lang.dll	10041	?strncat@Unicode@@SIPAU1@PAU1@PBU1@H@Z
lod	1.13d	D2Lang.dll	10042	?strncmp@Unicode@@SIHPBU1@0I@Z
lod	1.13d	D2Lang.dll	10043	?strncoll@Unicode@@SIHPBU1@0H@Z
lod	1.13d	D2Lang.dll	10044	?strncpy@Unicode@@SIPAU1@PAU1@PBU1@H@Z
lod	1.13d	D2Lang.dll	10045	?strnicmp@Unicode@@SIHPBU1@0I@Z
lod	1.13d	D2Lang.dll	10046	?strstr@Unicode@@SIPAU1@PBU1@0@Z
lod	1.13d	D2Lang.dll	10047	?strstri@Unicode@@SIPAU1@PBU1@0@Z
lod	1.13d	D2Lang.dll	10048	?sys2Unicode@Unicode@@SIPAU1@PAU1@PBDH@Z
lod	1.13d	D2Lang.dll	10049	?sysWidth@Unicode@@SIKPBU1@H@Z
lod	1.13d	D2Lang.dll	10050	?toLower@Unicode@@QBE?AU1@XZ
lod	1.13d	D2Lang.dll	10051	?toUnicode@Unicode@@SIPAU1@PAU1@PBDH@Z
lod	1.13d	D2Lang.dll	10052	?toUpper@Unicode@@QBE?AU1@XZ
lod	1.13d	D2Lang.dll	10053	?toUtf@Unicode@@SIPADPADPBU1@H@Z
lod	1.13d	D2Lang.dll	10054	?unicode2Sys@Unicode@@SIPADPADPBU1@H@Z
lod	1.13d	D2Lang.dll	10055	?unicode2Win@Unicode@@SIPADPADPBU1@H@Z
lod	1.13d	D2Lang.dll	10056	?unicodeWidth@Unicode@@SIKPBDH@Z
lod	1.13d	D2Lang.dll	10057	?unicodenwidth@Unicode@@SIIPBDH@Z
lod	1.13d	D2Lang.dll	10058	?unloadSysMap@Unicode@@SIXXZ
lod	1.13d	D2Lang.dll	10059	?utf8ToUnicode@Unicode@@SIPAU1@PAU1@PBDH@Z
lod	1.13d	D2Lang.dll	10060	?utfnwidth@Unicode@@SIIPBU1@H@Z
lod	1.13d	D2Lang.dll	10061	?utfwidth@Unicode@@QBEHXZ
lod	1.13d	D2Lang.dll	10062	?win2Unicode@Unicode@@SIPAU1@PAU1@PBDH@Z
classic	1.00	D2Launch.dll	1	QueryInterface
classic	1.00_Beta	D2Launch.dll	1	QueryInterface
classic	1.01	D2Launch.dll	1	QueryInterface
classic	1.02	D2Launch.dll	1	QueryInterface
classic	1.03	D2Launch.dll	1	QueryInterface
classic	1.04b	D2Launch.dll	1	QueryInterface
classic	1.04c	D2Launch.dll	1	QueryInterface
classic	1.05	D2Launch.dll	1	QueryInterface
classic	1.05b	D2Launch.dll	1	QueryInterface
classic	1.06	D2Launch.dll	1	QueryInterface
classic	1.06b	D2Launch.dll	1	QueryInterface
classic	1.08	D2Launch.dll	1	QueryInterface
classic	1.09	D2Launch.dll	1	QueryInterface
classic	1.09b	D2Launch.dll	1	QueryInterface
classic	1.09d	D2Launch.dll	1	QueryInterface
classic	1.10	D2Launch.dll	1	QueryInterface
classic	1.11	D2Launch.dll	1	QueryInterface
classic	1.11b	D2Launch.dll	1	QueryInterface
classic	1.12a	D2Launch.dll	1	QueryInterface
classic	1.13c	D2Launch.dll	1	QueryInterface
classic	1.13d	D2Launch.dll	1	QueryInterface
lod	1.07	D2Launch.dll	1	QueryInterface
lod	1.07_Beta	D2Launch.dll	1	QueryInterface
lod	1.08	D2Launch.dll	1	QueryInterface
lod	1.09	D2Launch.dll	1	QueryInterface
lod	1.09b	D2Launch.dll	1	QueryInterface
lod	1.09d	D2Launch.dll	1	QueryInterface
lod	1.10b_Beta_1	D2Launch.dll	1	QueryInterface
lod	1.10f	D2Launch.dll	1	QueryInterface
lod	1.10s_Beta_2	D2Launch.dll	1	QueryInterface
lod	1.11	D2Launch.dll	1	QueryInterface
lod	1.11b	D2Launch.dll	1	QueryInterface
lod	1.12a	D2Launch.dll	1	QueryInterface
lod	1.13a_Beta	D2Launch.dll	1	QueryInterface
lod	1.13c	D2Launch.dll	1	QueryInterface
lod	1.13d	D2Launch.dll	1	QueryInterface
classic	1.00	D2Multi.dll	1	QueryInterface
classic	1.00_Beta	D2Multi.dll	1	QueryInterface
classic	1.01	D2Multi.dll	1	QueryInterface
classic	1.02	D2Multi.dll	1	QueryInterface
classic	1.03	D2Multi.dll	1	QueryInterface
classic	1.04b	D2Multi.dll	1	QueryInterface
classic	1.04c	D2Multi.dll	1	QueryInterface
classic	1.05	D2Multi.dll	1	QueryInterface
classic	1.05b	D2Multi.dll	1	QueryInterface
classic	1.06	D2Multi.dll	1	QueryInterface
classic	1.06b	D2Multi.dll	1	QueryInterface
classic	1.08	D2Multi.dll	1	QueryInterface
classic	1.09	D2Multi.dll	1	QueryInterface
classic	1.09b	D2Multi.dll	1	QueryInterface
classic	1.09d	D2Multi.dll	1	QueryInterface
classic	1.10	D2Multi.dll	1	QueryInterface
classic	1.11	D2Multi.dll	1	QueryInterface
classic	1.11b	D2Multi.dll	1	QueryInterface
classic	1.12a	D2Multi.dll	1	QueryInterface
classic	1.13c	D2Multi.dll	1	QueryInterface
classic	1.13d	D2Multi.dll	1	QueryInterface
lod	1.07	D2Multi.dll	1	QueryInterface
lod	1.07_Beta	D2Multi.dll	1	QueryInterface
lod	1.08	D2Multi.dll	1	QueryInterface
lod	1.09	D2Multi.dll	1	QueryInterface
lod	1.09b	D2Multi.dll	1	QueryInterface
lod	1.09d	D2Multi.dll	1	QueryInterface
lod	1.10b_Beta_1	D2Multi.dll	1	QueryInterface
lod	1.10f	D2Multi.dll	1	QueryInterface
lod	1.10s_Beta_2	D2Multi.dll	1	QueryInterface
lod	1.11	D2Multi.dll	1	QueryInterface
lod	1.11b	D2Multi.dll	1	QueryInterface
lod	1.12a	D2Multi.dll	1	QueryInterface
lod	1.13a_Beta	D2Multi.dll	1	QueryInterface
lod	1.13c	D2Multi.dll	1	QueryInterface
lod	1.13d	D2Multi.dll	1	QueryInterface
lod	1.07_Beta	D2OpenGL.dll	1	GraphicsInterface
classic	1.00	D2Server.dll	10003	QueryInterface
lod	1.07_Beta	D2Server.dll	10003	QueryInterface
classic	1.00	D2Win.dll	10179	D2WinEditBoxDeselect
classic	1.00	D2Win.dll	10180	D2WinEditBoxSelectAll
classic	1.00	D2Win.dll	10181	D2WinScrollbarGetMaxValue
classic	1.00	D2Win.dll	10182	D2WinCutsceneCloseWindow
classic	1.00	D2Win.dll	10183	D2WinCutsceneCreateWindow
classic	1.00	D2Win.dll	10184	D2WinNukeCaches
classic	1.00	D2Win.dll	10185	D2WinSetQuitCallback
classic	1.01	D2Win.dll	10179	D2WinEditBoxDeselect
classic	1.01	D2Win.dll	10180	D2WinEditBoxSelectAll
classic	1.01	D2Win.dll	10181	D2WinScrollbarGetMaxValue
classic	1.01	D2Win.dll	10182	D2WinCutsceneCloseWindow
classic	1.01	D2Win.dll	10183	D2WinCutsceneCreateWindow
classic	1.01	D2Win.dll	10184	D2WinNukeCaches
classic	1.01	D2Win.dll	10185	D2WinSetQuitCallback
classic	1.02	D2Win.dll	10179	D2WinEditBoxDeselect
classic	1.02	D2Win.dll	10180	D2WinEditBoxSelectAll
classic	1.02	D2Win.dll	10181	D2WinScrollbarGetMaxValue
classic	1.02	D2Win.dll	10182	D2WinCutsceneCloseWindow
classic	1.02	D2Win.dll	10183	D2WinCutsceneCreateWindow
classic	1.02	D2Win.dll	10184	D2WinNukeCaches
classic	1.02	D2Win.dll	10185	D2WinSetQuitCallback
classic	1.03	D2Win.dll	10179	D2WinEditBoxDeselect
classic	1.03	D2Win.dll	10180	D2WinEditBoxSelectAll
classic	1.03	D2Win.dll	10181	D2WinScrollbarGetMaxValue
classic	1.03	D2Win.dll	10182	D2WinCutsceneCloseWindow
classic	1.03	D2Win.dll	10183	D2WinCutsceneCreateWindow
classic	1.03	D2Win.dll	10184	D2WinNukeCaches
classic	1.03	D2Win.dll	10185	D2WinSetQuitCallback
classic	1.04b	D2Win.dll	10183	D2WinEditBoxDeselect
classic	1.04b	D2Win.dll	10184	D2WinEditBoxSelectAll
classic	1.04b	D2Win.dll	10185	D2WinScrollbarGetMaxValue
classic	1.04b	D2Win.dll	10186	D2WinCutsceneCloseWindow
classic	1.04b	D2Win.dll	10187	D2WinCutsceneCreateWindow
classic	1.04b	D2Win.dll	10188	D2WinNukeCaches
classic	1.04b	D2Win.dll	10189	D2WinSetQuitCallback
classic	1.04c	D2Win.dll	10183	D2WinEditBoxDeselect
classic	1.04c	D2Win.dll	10184	D2WinEditBoxSelectAll
classic	1.04c	D2Win.dll	10185	D2WinScrollbarGetMaxValue
classic	1.04c	D2Win.dll	10186	D2WinCutsceneCloseWindow
classic	1.04c	D2Win.dll	10187	D2WinCutsceneCreateWindow
classic	1.04c	D2Win.dll	10188	D2WinNukeCaches
classic	1.04c	D2Win.dll	10189	D2WinSetQuitCallback
classic	1.05	D2Win.dll	10183	D2WinEditBoxDeselect
classic	1.05	D2Win.dll	10184	D2WinEditBoxSelectAll
classic	1.05	D2Win.dll	10185	D2WinScrollbarGetMaxValue
classic	1.05	D2Win.dll	10186	D2WinCutsceneCloseWindow
classic	1.05	D2Win.dll	10187	D2WinCutsceneCreateWindow
classic	1.05	D2Win.dll	10188	D2WinNukeCaches
classic	1.05	D2Win.dll	10189	D2WinSetQuitCallback
classic	1.05b	D2Win.dll	10183	D2WinEditBoxDeselect
classic	1.05b	D2Win.dll	10184	D2WinEditBoxSelectAll
classic	1.05b	D2Win.dll	10185	D2WinScrollbarGetMaxValue
classic	1.05b	D2Win.dll	10186	D2WinCutsceneCloseWindow
classic	1.05b	D2Win.dll	10187	D2WinCutsceneCreateWindow
classic	1.05b	D2Win.dll	10188	D2WinNukeCaches
classic	1.05b	D2Win.dll	10189	D2WinSetQuitCallback
classic	1.06	D2Win.dll	10183	D2WinEditBoxDeselect
classic	1.06	D2Win.dll	10184	D2WinEditBoxSelectAll
classic	1.06	D2Win.dll	10185	D2WinScrollbarGetMaxValue
classic	1.06	D2Win.dll	10186	D2WinCutsceneCloseWindow
classic	1.06	D2Win.dll	10187	D2WinCutsceneCreateWindow
classic	1.06	D2Win.dll	10188	D2WinNukeCaches
classic	1.06	D2Win.dll	10189	D2WinSetQuitCallback
classic	1.06b	D2Win.dll	10183	D2WinEditBoxDeselect
classic	1.06b	D2Win.dll	10184	D2WinEditBoxSelectAll
classic	1.06b	D2Win.dll	10185	D2WinScrollbarGetMaxValue
classic	1.06b	D2Win.dll	10186	D2WinCutsceneCloseWindow
classic	1.06b	D2Win.dll	10187	D2WinCutsceneCreateWindow
classic	1.06b	D2Win.dll	10188	D2WinNukeCaches
classic	1.06b	D2Win.dll	10189	D2WinSetQuitCallback
classic	1.00	D2gfx.dll	10006	D2GfxCutsceneCloseWindow
classic	1.00	D2gfx.dll	10007	D2GfxCutsceneCreateWindow
classic	1.00	D2gfx.dll	10042	D2GfxNukeCaches
classic	1.00_Beta	D2gfx.dll	10024	D2GfxCutsceneIsPlaying
classic	1.00_Beta	D2gfx.dll	10073	D2GfxGetHWnd
classic	1.01	D2gfx.dll	10006	D2GfxCutsceneCloseWindow
classic	1.01	D2gfx.dll	10007	D2GfxCutsceneCreateWindow
classic	1.01	D2gfx.dll	10042	D2GfxNukeCaches
classic	1.02	D2gfx.dll	10006	D2GfxCutsceneCloseWindow
classic	1.02	D2gfx.dll	10007	D2GfxCutsceneCreateWindow
classic	1.02	D2gfx.dll	10042	D2GfxNukeCaches
classic	1.03	D2gfx.dll	10006	D2GfxCutsceneCloseWindow
classic	1.03	D2gfx.dll	10007	D2GfxCutsceneCreateWindow
classic	1.03	D2gfx.dll	10042	D2GfxNukeCaches
classic	1.04b	D2gfx.dll	10006	D2GfxCutsceneCloseWindow
classic	1.04b	D2gfx.dll	10007	D2GfxCutsceneCreateWindow
classic	1.04b	D2gfx.dll	10042	D2GfxNukeCaches
classic	1.04c	D2gfx.dll	10006	D2GfxCutsceneCloseWindow
classic	1.04c	D2gfx.dll	10007	D2GfxCutsceneCreateWindow
classic	1.04c	D2gfx.dll	10042	D2GfxNukeCaches
classic	1.05	D2gfx.dll	10006	D2GfxCutsceneCloseWindow
classic	1.05	D2gfx.dll	10007	D2GfxCutsceneCreateWindow
classic	1.05	D2gfx.dll	10042	D2GfxNukeCaches
classic	1.05b	D2gfx.dll	10006	D2GfxCutsceneCloseWindow
classic	1.05b	D2gfx.dll	10007	D2GfxCutsceneCreateWindow
classic	1.05b	D2gfx.dll	10042	D2GfxNukeCaches
classic	1.06	D2gfx.dll	10006	D2GfxCutsceneCloseWindow
classic	1.06	D2gfx.dll	10007	D2GfxCutsceneCreateWindow
classic	1.06	D2gfx.dll	10042	D2GfxNukeCaches
classic	1.06b	D2gfx.dll	10006	D2GfxCutsceneCloseWindow
classic	1.06b	D2gfx.dll	10007	D2GfxCutsceneCreateWindow
classic	1.06b	D2gfx.dll	10042	D2GfxNukeCaches
classic	1.13c	D2gfx.dll	10087	?rInitialWindowRect@@3UtagRECT@@A
classic	1.13d	D2gfx.dll	10087	?rInitialWindowRect@@3UtagRECT@@A
lod	1.13a_Beta	D2gfx.dll	10085	?rInitialWindowRect@@3UtagRECT@@A
lod	1.13c	D2gfx.dll	10087	?rInitialWindowRect@@3UtagRECT@@A
lod	1.13d	D2gfx.dll	10087	?rInitialWindowRect@@3UtagRECT@@A
classic	1.00	Fog.dll	10039	PERFORMANCE_ACCUMULATOR
classic	1.00	Fog.dll	10106	PERFORMANCE_ACCUMULATOR_INDEX
classic	1.00	Fog.dll	10107	PERFORMANCE_FREQUENCY_TICKS_PER_MICROSEC
classic	1.00	Fog.dll	10137	PERFORMANCE_FREQUENCY_TICKS_PER_MILLISEC
classic	1.00	Fog.dll	10149	gdwBitMasks
classic	1.00	Fog.dll	10156	gdwInvBitMasks
classic	1.00_Beta	Fog.dll	10136	PERFORMANCE_ACCUMULATOR
classic	1.00_Beta	Fog.dll	10137	PERFORMANCE_ACCUMULATOR_INDEX
classic	1.00_Beta	Fog.dll	10138	PERFORMANCE_FREQUENCY_TICKS_PER_MICROSEC
classic	1.00_Beta	Fog.dll	10139	PERFORMANCE_FREQUENCY_TICKS_PER_MILLISEC
classic	1.00_Beta	Fog.dll	10140	gdwBitMasks
classic	1.00_Beta	Fog.dll	10141	gdwInvBitMasks
classic	1.01	Fog.dll	10039	PERFORMANCE_ACCUMULATOR
classic	1.01	Fog.dll	10106	PERFORMANCE_ACCUMULATOR_INDEX
classic	1.01	Fog.dll	10107	PERFORMANCE_FREQUENCY_TICKS_PER_MICROSEC
classic	1.01	Fog.dll	10137	PERFORMANCE_FREQUENCY_TICKS_PER_MILLISEC
classic	1.01	Fog.dll	10149	gdwBitMasks
classic	1.01	Fog.dll	10158	gdwInvBitMasks
classic	1.02	Fog.dll	10039	PERFORMANCE_ACCUMULATOR
classic	1.02	Fog.dll	10106	PERFORMANCE_ACCUMULATOR_INDEX
classic	1.02	Fog.dll	10107	PERFORMANCE_FREQUENCY_TICKS_PER_MICROSEC
classic	1.02	Fog.dll	10137	PERFORMANCE_FREQUENCY_TICKS_PER_MILLISEC
classic	1.02	Fog.dll	10149	gdwBitMasks
classic	1.02	Fog.dll	10166	gdwInvBitMasks
classic	1.03	Fog.dll	10039	PERFORMANCE_ACCUMULATOR
classic	1.03	Fog.dll	10106	PERFORMANCE_ACCUMULATOR_INDEX
classic	1.03	Fog.dll	10107	PERFORMANCE_FREQUENCY_TICKS_PER_MICROSEC
classic	1.03	Fog.dll	10137	PERFORMANCE_FREQUENCY_TICKS_PER_MILLISEC
classic	1.03	Fog.dll	10149	gcsCriticalSectionTimer
classic	1.03	Fog.dll	10173	gdwBitMasks
classic	1.03	Fog.dll	10174	gdwInvBitMasks
classic	1.03	Fog.dll	10175	gfTimeCriticalSections
classic	1.03	Fog.dll	10176	gqwCriticalSectionTimer
classic	1.04b	Fog.dll	10039	PERFORMANCE_ACCUMULATOR
classic	1.04b	Fog.dll	10106	PERFORMANCE_ACCUMULATOR_INDEX
classic	1.04b	Fog.dll	10107	PERFORMANCE_FREQUENCY_TICKS_PER_MICROSEC
classic	1.04b	Fog.dll	10137	PERFORMANCE_FREQUENCY_TICKS_PER_MILLISEC
classic	1.04b	Fog.dll	10149	gcsCriticalSectionTimer
classic	1.04b	Fog.dll	10173	gdwBitMasks
classic	1.04b	Fog.dll	10174	gdwInvBitMasks
classic	1.04b	Fog.dll	10210	gfTimeCriticalSections
classic	1.04b	Fog.dll	10211	gqwCriticalSectionTimer
classic	1.04b	Fog.dll	10212	FogStringLower
classic	1.04b	Fog.dll	10213	ExcelIndexAddCode
classic	1.04b	Fog.dll	10214	ExcelIndexCreate
classic	1.04b	Fog.dll	10215	ExcelIndexFree
classic	1.04b	Fog.dll	10216	ExcelIndexGetIndexFromCode
classic	1.04c	Fog.dll	10039	PERFORMANCE_ACCUMULATOR
classic	1.04c	Fog.dll	10106	PERFORMANCE_ACCUMULATOR_INDEX
classic	1.04c	Fog.dll	10107	PERFORMANCE_FREQUENCY_TICKS_PER_MICROSEC
classic	1.04c	Fog.dll	10137	PERFORMANCE_FREQUENCY_TICKS_PER_MILLISEC
classic	1.04c	Fog.dll	10149	gcsCriticalSectionTimer
classic	1.04c	Fog.dll	10173	gdwBitMasks
classic	1.04c	Fog.dll	10174	gdwInvBitMasks
classic	1.04c	Fog.dll	10210	gfTimeCriticalSections
classic	1.04c	Fog.dll	10211	gqwCriticalSectionTimer
classic	1.04c	Fog.dll	10212	FogStringLower
classic	1.04c	Fog.dll	10213	ExcelIndexAddCode
classic	1.04c	Fog.dll	10214	ExcelIndexCreate
classic	1.04c	Fog.dll	10215	ExcelIndexFree
classic	1.04c	Fog.dll	10216	ExcelIndexGetIndexFromCode
classic	1.05	Fog.dll	10039	PERFORMANCE_ACCUMULATOR
classic	1.05	Fog.dll	10106	PERFORMANCE_ACCUMULATOR_INDEX
classic	1.05	Fog.dll	10107	PERFORMANCE_FREQUENCY_TICKS_PER_MICROSEC
classic	1.05	Fog.dll	10137	PERFORMANCE_FREQUENCY_TICKS_PER_MILLISEC
classic	1.05	Fog.dll	10149	gcsCriticalSectionTimer
classic	1.05	Fog.dll	10173	gdwBitMasks
classic	1.05	Fog.dll	10174	gdwInvBitMasks
classic	1.05	Fog.dll	10213	gfTimeCriticalSections
classic	1.05	Fog.dll	10214	gqwCriticalSectionTimer
classic	1.05	Fog.dll	10215	FogStringLower
classic	1.05	Fog.dll	10216	ExcelIndexAddCode
classic	1.05	Fog.dll	10217	ExcelIndexCreate
classic	1.05	Fog.dll	10218	ExcelIndexFree
classic	1.05	Fog.dll	10219	ExcelIndexGetIndexFromCode
classic	1.05b	Fog.dll	10039	PERFORMANCE_ACCUMULATOR
classic	1.05b	Fog.dll	10106	PERFORMANCE_ACCUMULATOR_INDEX
classic	1.05b	Fog.dll	10107	PERFORMANCE_FREQUENCY_TICKS_PER_MICROSEC
classic	1.05b	Fog.dll	10137	PERFORMANCE_FREQUENCY_TICKS_PER_MILLISEC
classic	1.05b	Fog.dll	10149	gcsCriticalSectionTimer
classic	1.05b	Fog.dll	10173	gdwBitMasks
classic	1.05b	Fog.dll	10174	gdwInvBitMasks
classic	1.05b	Fog.dll	10213	gfTimeCriticalSections
classic	1.05b	Fog.dll	10214	gqwCriticalSectionTimer
classic	1.05b	Fog.dll	10215	FogStringLower
classic	1.05b	Fog.dll	10216	BitBufferByteAlign
classic	1.05b	Fog.dll	10217	ExcelIndexAddCode
classic	1.05b	Fog.dll	10218	ExcelIndexAddStr
classic	1.05b	Fog.dll	10219	ExcelIndexCreate
classic	1.05b	Fog.dll	10220	ExcelIndexFree
classic	1.05b	Fog.dll	10221	ExcelIndexGetCodeFromIndex
classic	1.05b	Fog.dll	10222	ExcelIndexGetIndexFromCode
classic	1.05b	Fog.dll	10223	ExcelIndexGetIndexFromStr
classic	1.06	Fog.dll	10039	PERFORMANCE_ACCUMULATOR
classic	1.06	Fog.dll	10106	PERFORMANCE_ACCUMULATOR_INDEX
classic	1.06	Fog.dll	10107	PERFORMANCE_FREQUENCY_TICKS_PER_MICROSEC
classic	1.06	Fog.dll	10137	PERFORMANCE_FREQUENCY_TICKS_PER_MILLISEC
classic	1.06	Fog.dll	10149	gcsCriticalSectionTimer
classic	1.06	Fog.dll	10173	gdwBitMasks
classic	1.06	Fog.dll	10174	gdwInvBitMasks
classic	1.06	Fog.dll	10224	gfTimeCriticalSections
classic	1.06	Fog.dll	10225	gqwCriticalSectionTimer
classic	1.06	Fog.dll	10226	FogStringLower
classic	1.06	Fog.dll	10227	BitBufferByteAlign
classic	1.06	Fog.dll	10228	ExcelIndexAddCode
classic	1.06	Fog.dll	10229	ExcelIndexAddStr
classic	1.06	Fog.dll	10230	ExcelIndexCreate
classic	1.06	Fog.dll	10231	ExcelIndexFree
classic	1.06	Fog.dll	10232	ExcelIndexGetCodeFromIndex
classic	1.06	Fog.dll	10233	ExcelIndexGetIndexFromCode
classic	1.06	Fog.dll	10234	ExcelIndexGetIndexFromStr
classic	1.06b	Fog.dll	10039	PERFORMANCE_ACCUMULATOR
classic	1.06b	Fog.dll	10106	PERFORMANCE_ACCUMULATOR_INDEX
classic	1.06b	Fog.dll	10107	PERFORMANCE_FREQUENCY_TICKS_PER_MICROSEC
classic	1.06b	Fog.dll	10137	PERFORMANCE_FREQUENCY_TICKS_PER_MILLISEC
classic	1.06b	Fog.dll	10149	gcsCriticalSectionTimer
classic	1.06b	Fog.dll	10173	gdwBitMasks
classic	1.06b	Fog.dll	10174	gdwInvBitMasks
classic	1.06b	Fog.dll	10225	gfTimeCriticalSections
classic	1.06b	Fog.dll	10226	gqwCriticalSectionTimer
classic	1.06b	Fog.dll	10227	FogStringLower
classic	1.06b	Fog.dll	10228	BitBufferByteAlign
classic	1.06b	Fog.dll	10229	ExcelIndexAddCode
classic	1.06b	Fog.dll	10230	ExcelIndexAddStr
classic	1.06b	Fog.dll	10231	ExcelIndexCreate
classic	1.06b	Fog.dll	10232	ExcelIndexFree
classic	1.06b	Fog.dll	10233	ExcelIndexGetCodeFromIndex
classic	1.06b	Fog.dll	10234	ExcelIndexGetIndexFromCode
classic	1.06b	Fog.dll	10235	ExcelIndexGetIndexFromStr
classic	1.08	Fog.dll	10228	PERFORMANCE_ACCUMULATOR
classic	1.08	Fog.dll	10229	PERFORMANCE_ACCUMULATOR_INDEX
classic	1.08	Fog.dll	10230	PERFORMANCE_FREQUENCY_TICKS_PER_MICROSEC
classic	1.08	Fog.dll	10231	PERFORMANCE_FREQUENCY_TICKS_PER_MILLISEC
classic	1.08	Fog.dll	10232	gcsCriticalSectionTimer
classic	1.08	Fog.dll	10233	gdwBitMasks
classic	1.08	Fog.dll	10234	gdwInvBitMasks
classic	1.08	Fog.dll	10235	gfTimeCriticalSections
classic	1.08	Fog.dll	10236	gqwCriticalSectionTimer
classic	1.09	Fog.dll	10231	PERFORMANCE_ACCUMULATOR
classic	1.09	Fog.dll	10232	PERFORMANCE_ACCUMULATOR_INDEX
classic	1.09	Fog.dll	10233	PERFORMANCE_FREQUENCY_TICKS_PER_MICROSEC
classic	1.09	Fog.dll	10234	PERFORMANCE_FREQUENCY_TICKS_PER_MILLISEC
classic	1.09	Fog.dll	10235	gcsCriticalSectionTimer
classic	1.09	Fog.dll	10236	gdwBitMasks
classic	1.09	Fog.dll	10237	gdwInvBitMasks
classic	1.09	Fog.dll	10238	gfTimeCriticalSections
classic	1.09	Fog.dll	10239	gqwCriticalSectionTimer
classic	1.09b	Fog.dll	10231	PERFORMANCE_ACCUMULATOR
classic	1.09b	Fog.dll	10232	PERFORMANCE_ACCUMULATOR_INDEX
classic	1.09b	Fog.dll	10233	PERFORMANCE_FREQUENCY_TICKS_PER_MICROSEC
classic	1.09b	Fog.dll	10234	PERFORMANCE_FREQUENCY_TICKS_PER_MILLISEC
classic	1.09b	Fog.dll	10235	gcsCriticalSectionTimer
classic	1.09b	Fog.dll	10236	gdwBitMasks
classic	1.09b	Fog.dll	10237	gdwInvBitMasks
classic	1.09b	Fog.dll	10238	gfTimeCriticalSections
classic	1.09b	Fog.dll	10239	gqwCriticalSectionTimer
classic	1.09d	Fog.dll	10169	PERFORMANCE_ACCUMULATOR
classic	1.09d	Fog.dll	10239	PERFORMANCE_ACCUMULATOR_INDEX
classic	1.09d	Fog.dll	10240	PERFORMANCE_FREQUENCY_TICKS_PER_MICROSEC
classic	1.09d	Fog.dll	10241	PERFORMANCE_FREQUENCY_TICKS_PER_MILLISEC
classic	1.09d	Fog.dll	10242	gcsCriticalSectionTimer
classic	1.09d	Fog.dll	10243	gdwBitMasks
classic	1.09d	Fog.dll	10244	gdwInvBitMasks
classic	1.09d	Fog.dll	10245	gfTimeCriticalSections
classic	1.09d	Fog.dll	10246	gqwCriticalSectionTimer
classic	1.10	Fog.dll	10168	PERFORMANCE_ACCUMULATOR
classic	1.10	Fog.dll	10169	PERFORMANCE_ACCUMULATOR_INDEX
classic	1.10	Fog.dll	10256	PERFORMANCE_FREQUENCY_TICKS_PER_MICROSEC
classic	1.10	Fog.dll	10257	PERFORMANCE_FREQUENCY_TICKS_PER_MILLISEC
classic	1.10	Fog.dll	10258	gcsCriticalSectionTimer
classic	1.10	Fog.dll	10259	gdwBitMasks
classic	1.10	Fog.dll	10260	gdwInvBitMasks
classic	1.10	Fog.dll	10261	gfTimeCriticalSections
classic	1.10	Fog.dll	10264	gqwCriticalSectionTimer
classic	1.11	Fog.dll	10168	PERFORMANCE_ACCUMULATOR
classic	1.11	Fog.dll	10169	PERFORMANCE_ACCUMULATOR_INDEX
classic	1.11	Fog.dll	10256	PERFORMANCE_FREQUENCY_TICKS_PER_MICROSEC
classic	1.11	Fog.dll	10257	PERFORMANCE_FREQUENCY_TICKS_PER_MILLISEC
classic	1.11	Fog.dll	10258	gcsCriticalSectionTimer
classic	1.11	Fog.dll	10259	gdwBitMasks
classic	1.11	Fog.dll	10260	gdwInvBitMasks
classic	1.11	Fog.dll	10261	gfTimeCriticalSections
classic	1.11	Fog.dll	10266	gqwCriticalSectionTimer
classic	1.11b	Fog.dll	10168	PERFORMANCE_ACCUMULATOR
classic	1.11b	Fog.dll	10169	PERFORMANCE_ACCUMULATOR_INDEX
classic	1.11b	Fog.dll	10256	PERFORMANCE_FREQUENCY_TICKS_PER_MICROSEC
classic	1.11b	Fog.dll	10257	PERFORMANCE_FREQUENCY_TICKS_PER_MILLISEC
classic	1.11b	Fog.dll	10258	gcsCriticalSectionTimer
classic	1.11b	Fog.dll	10259	gdwBitMasks
classic	1.11b	Fog.dll	10260	gdwInvBitMasks
classic	1.11b	Fog.dll	10261	gfTimeCriticalSections
classic	1.11b	Fog.dll	10266	gqwCriticalSectionTimer
classic	1.12a	Fog.dll	10168	PERFORMANCE_ACCUMULATOR
classic	1.12a	Fog.dll	10169	PERFORMANCE_ACCUMULATOR_INDEX
classic	1.12a	Fog.dll	10256	PERFORMANCE_FREQUENCY_TICKS_PER_MICROSEC
classic	1.12a	Fog.dll	10257	PERFORMANCE_FREQUENCY_TICKS_PER_MILLISEC
classic	1.12a	Fog.dll	10258	gcsCriticalSectionTimer
classic	1.12a	Fog.dll	10259	gdwBitMasks
classic	1.12a	Fog.dll	10261	gdwInvBitMasks
classic	1.12a	Fog.dll	10266	gfTimeCriticalSections
classic	1.12a	Fog.dll	10267	gqwCriticalSectionTimer
classic	1.13c	Fog.dll	10168	PERFORMANCE_ACCUMULATOR
classic	1.13c	Fog.dll	10169	PERFORMANCE_ACCUMULATOR_INDEX
classic	1.13c	Fog.dll	10256	PERFORMANCE_FREQUENCY_TICKS_PER_MICROSEC
classic	1.13c	Fog.dll	10257	PERFORMANCE_FREQUENCY_TICKS_PER_MILLISEC
classic	1.13c	Fog.dll	10258	gcsCriticalSectionTimer
classic	1.13c	Fog.dll	10259	gdwBitMasks
classic	1.13c	Fog.dll	10261	gdwInvBitMasks
classic	1.13c	Fog.dll	10266	gfTimeCriticalSections
classic	1.13c	Fog.dll	10267	gqwCriticalSectionTimer
classic	1.13d	Fog.dll	10168	PERFORMANCE_ACCUMULATOR
classic	1.13d	Fog.dll	10169	PERFORMANCE_ACCUMULATOR_INDEX
classic	1.13d	Fog.dll	10256	PERFORMANCE_FREQUENCY_TICKS_PER_MICROSEC
classic	1.13d	Fog.dll	10257	PERFORMANCE_FREQUENCY_TICKS_PER_MILLISEC
classic	1.13d	Fog.dll	10258	gcsCriticalSectionTimer
classic	1.13d	Fog.dll	10259	gdwBitMasks
classic	1.13d	Fog.dll	10261	gdwInvBitMasks
classic	1.13d	Fog.dll	10266	gfTimeCriticalSections
classic	1.13d	Fog.dll	10267	gqwCriticalSectionTimer
lod	1.07	Fog.dll	10228	PERFORMANCE_ACCUMULATOR
lod	1.07	Fog.dll	10229	PERFORMANCE_ACCUMULATOR_INDEX
lod	1.07	Fog.dll	10230	PERFORMANCE_FREQUENCY_TICKS_PER_MICROSEC
lod	1.07	Fog.dll	10231	PERFORMANCE_FREQUENCY_TICKS_PER_MILLISEC
lod	1.07	Fog.dll	10232	gcsCriticalSectionTimer
lod	1.07	Fog.dll	10233	gdwBitMasks
lod	1.07	Fog.dll	10234	gdwInvBitMasks
lod	1.07	Fog.dll	10235	gfTimeCriticalSections
lod	1.07	Fog.dll	10236	gqwCriticalSectionTimer
lod	1.07_Beta	Fog.dll	10228	PERFORMANCE_ACCUMULATOR
lod	1.07_Beta	Fog.dll	10229	PERFORMANCE_ACCUMULATOR_INDEX
lod	1.07_Beta	Fog.dll	10230	PERFORMANCE_FREQUENCY_TICKS_PER_MICROSEC
lod	1.07_Beta	Fog.dll	10231	PERFORMANCE_FREQUENCY_TICKS_PER_MILLISEC
lod	1.07_Beta	Fog.dll	10232	gcsCriticalSectionTimer
lod	1.07_Beta	Fog.dll	10233	gdwBitMasks
lod	1.07_Beta	Fog.dll	10234	gdwInvBitMasks
lod	1.07_Beta	Fog.dll	10235	gfTimeCriticalSections
lod	1.07_Beta	Fog.dll	10236	gqwCriticalSectionTimer
lod	1.08	Fog.dll	10228	PERFORMANCE_ACCUMULATOR
lod	1.08	Fog.dll	10229	PERFORMANCE_ACCUMULATOR_INDEX
lod	1.08	Fog.dll	10230	PERFORMANCE_FREQUENCY_TICKS_PER_MICROSEC
lod	1.08	Fog.dll	10231	PERFORMANCE_FREQUENCY_TICKS_PER_MILLISEC
lod	1.08	Fog.dll	10232	gcsCriticalSectionTimer
lod	1.08	Fog.dll	10233	gdwBitMasks
lod	1.08	Fog.dll	10234	gdwInvBitMasks
lod	1.08	Fog.dll	10235	gfTimeCriticalSections
lod	1.08	Fog.dll	10236	gqwCriticalSectionTimer
lod	1.09	Fog.dll	10231	PERFORMANCE_ACCUMULATOR
lod	1.09	Fog.dll	10232	PERFORMANCE_ACCUMULATOR_INDEX
lod	1.09	Fog.dll	10233	PERFORMANCE_FREQUENCY_TICKS_PER_MICROSEC
lod	1.09	Fog.dll	10234	PERFORMANCE_FREQUENCY_TICKS_PER_MILLISEC
lod	1.09	Fog.dll	10235	gcsCriticalSectionTimer
lod	1.09	Fog.dll	10236	gdwBitMasks
lod	1.09	Fog.dll	10237	gdwInvBitMasks
lod	1.09	Fog.dll	10238	gfTimeCriticalSections
lod	1.09	Fog.dll	10239	gqwCriticalSectionTimer
lod	1.09b	Fog.dll	10231	PERFORMANCE_ACCUMULATOR
lod	1.09b	Fog.dll	10232	PERFORMANCE_ACCUMULATOR_INDEX
lod	1.09b	Fog.dll	10233	PERFORMANCE_FREQUENCY_TICKS_PER_MICROSEC
lod	1.09b	Fog.dll	10234	PERFORMANCE_FREQUENCY_TICKS_PER_MILLISEC
lod	1.09b	Fog.dll	10235	gcsCriticalSectionTimer
lod	1.09b	Fog.dll	10236	gdwBitMasks
lod	1.09b	Fog.dll	10237	gdwInvBitMasks
lod	1.09b	Fog.dll	10238	gfTimeCriticalSections
lod	1.09b	Fog.dll	10239	gqwCriticalSectionTimer
lod	1.09d	Fog.dll	10169	PERFORMANCE_ACCUMULATOR
lod	1.09d	Fog.dll	10239	PERFORMANCE_ACCUMULATOR_INDEX
lod	1.09d	Fog.dll	10240	PERFORMANCE_FREQUENCY_TICKS_PER_MICROSEC
lod	1.09d	Fog.dll	10241	PERFORMANCE_FREQUENCY_TICKS_PER_MILLISEC
lod	1.09d	Fog.dll	10242	gcsCriticalSectionTimer
lod	1.09d	Fog.dll	10243	gdwBitMasks
lod	1.09d	Fog.dll	10244	gdwInvBitMasks
lod	1.09d	Fog.dll	10245	gfTimeCriticalSections
lod	1.09d	Fog.dll	10246	gqwCriticalSectionTimer
lod	1.10b_Beta_1	Fog.dll	10168	PERFORMANCE_ACCUMULATOR
lod	1.10b_Beta_1	Fog.dll	10169	PERFORMANCE_ACCUMULATOR_INDEX
lod	1.10b_Beta_1	Fog.dll	10256	PERFORMANCE_FREQUENCY_TICKS_PER_MICROSEC
lod	1.10b_Beta_1	Fog.dll	10257	PERFORMANCE_FREQUENCY_TICKS_PER_MILLISEC
lod	1.10b_Beta_1	Fog.dll	10258	gcsCriticalSectionTimer
lod	1.10b_Beta_1	Fog.dll	10259	gdwBitMasks
lod	1.10b_Beta_1	Fog.dll	10260	gdwInvBitMasks
lod	1.10b_Beta_1	Fog.dll	10261	gfTimeCriticalSections
lod	1.10b_Beta_1	Fog.dll	10263	gqwCriticalSectionTimer
lod	1.10f	Fog.dll	10168	PERFORMANCE_ACCUMULATOR
lod	1.10f	Fog.dll	10169	PERFORMANCE_ACCUMULATOR_INDEX
lod	1.10f	Fog.dll	10256	PERFORMANCE_FREQUENCY_TICKS_PER_MICROSEC
lod	1.10f	Fog.dll	10257	PERFORMANCE_FREQUENCY_TICKS_PER_MILLISEC
lod	1.10f	Fog.dll	10258	gcsCriticalSectionTimer
lod	1.10f	Fog.dll	10259	gdwBitMasks
lod	1.10f	Fog.dll	10260	gdwInvBitMasks
lod	1.10f	Fog.dll	10261	gfTimeCriticalSections
lod	1.10f	Fog.dll	10264	gqwCriticalSectionTimer
lod	1.10s_Beta_2	Fog.dll	10168	PERFORMANCE_ACCUMULATOR
lod	1.10s_Beta_2	Fog.dll	10169	PERFORMANCE_ACCUMULATOR_INDEX
lod	1.10s_Beta_2	Fog.dll	10256	PERFORMANCE_FREQUENCY_TICKS_PER_MICROSEC
lod	1.10s_Beta_2	Fog.dll	10257	PERFORMANCE_FREQUENCY_TICKS_PER_MILLISEC
lod	1.10s_Beta_2	Fog.dll	10258	gcsCriticalSectionTimer
lod	1.10s_Beta_2	Fog.dll	10259	gdwBitMasks
lod	1.10s_Beta_2	Fog.dll	10260	gdwInvBitMasks
lod	1.10s_Beta_2	Fog.dll	10261	gfTimeCriticalSections
lod	1.10s_Beta_2	Fog.dll	10263	gqwCriticalSectionTimer
lod	1.11	Fog.dll	10168	PERFORMANCE_ACCUMULATOR
lod	1.11	Fog.dll	10169	PERFORMANCE_ACCUMULATOR_INDEX
lod	1.11	Fog.dll	10256	PERFORMANCE_FREQUENCY_TICKS_PER_MICROSEC
lod	1.11	Fog.dll	10257	PERFORMANCE_FREQUENCY_TICKS_PER_MILLISEC
lod	1.11	Fog.dll	10258	gcsCriticalSectionTimer
lod	1.11	Fog.dll	10259	gdwBitMasks
lod	1.11	Fog.dll	10260	gdwInvBitMasks
lod	1.11	Fog.dll	10261	gfTimeCriticalSections
lod	1.11	Fog.dll	10266	gqwCriticalSectionTimer
lod	1.11b	Fog.dll	10168	PERFORMANCE_ACCUMULATOR
lod	1.11b	Fog.dll	10169	PERFORMANCE_ACCUMULATOR_INDEX
lod	1.11b	Fog.dll	10256	PERFORMANCE_FREQUENCY_TICKS_PER_MICROSEC
lod	1.11b	Fog.dll	10257	PERFORMANCE_FREQUENCY_TICKS_PER_MILLISEC
lod	1.11b	Fog.dll	10258	gcsCriticalSectionTimer
lod	1.11b	Fog.dll	10259	gdwBitMasks
lod	1.11b	Fog.dll	10260	gdwInvBitMasks
lod	1.11b	Fog.dll	10261	gfTimeCriticalSections
lod	1.11b	Fog.dll	10266	gqwCriticalSectionTimer
lod	1.12a	Fog.dll	10168	PERFORMANCE_ACCUMULATOR
lod	1.12a	Fog.dll	10169	PERFORMANCE_ACCUMULATOR_INDEX
lod	1.12a	Fog.dll	10256	PERFORMANCE_FREQUENCY_TICKS_PER_MICROSEC
lod	1.12a	Fog.dll	10257	PERFORMANCE_FREQUENCY_TICKS_PER_MILLISEC
lod	1.12a	Fog.dll	10258	gcsCriticalSectionTimer
lod	1.12a	Fog.dll	10259	gdwBitMasks
lod	1.12a	Fog.dll	10261	gdwInvBitMasks
lod	1.12a	Fog.dll	10266	gfTimeCriticalSections
lod	1.12a	Fog.dll	10267	gqwCriticalSectionTimer
lod	1.13a_Beta	Fog.dll	10168	PERFORMANCE_ACCUMULATOR
lod	1.13a_Beta	Fog.dll	10169	PERFORMANCE_ACCUMULATOR_INDEX
lod	1.13a_Beta	Fog.dll	10256	PERFORMANCE_FREQUENCY_TICKS_PER_MICROSEC
lod	1.13a_Beta	Fog.dll	10257	PERFORMANCE_FREQUENCY_TICKS_PER_MILLISEC
lod	1.13a_Beta	Fog.dll	10258	gcsCriticalSectionTimer
lod	1.13a_Beta	Fog.dll	10259	gdwBitMasks
lod	1.13a_Beta	Fog.dll	10261	gdwInvBitMasks
lod	1.13a_Beta	Fog.dll	10266	gfTimeCriticalSections
lod	1.13a_Beta	Fog.dll	10267	gqwCriticalSectionTimer
lod	1.13c	Fog.dll	10168	PERFORMANCE_ACCUMULATOR
lod	1.13c	Fog.dll	10169	PERFORMANCE_ACCUMULATOR_INDEX
lod	1.13c	Fog.dll	10256	PERFORMANCE_FREQUENCY_TICKS_PER_MICROSEC
lod	1.13c	Fog.dll	10257	PERFORMANCE_FREQUENCY_TICKS_PER_MILLISEC
lod	1.13c	Fog.dll	10258	gcsCriticalSectionTimer
lod	1.13c	Fog.dll	10259	gdwBitMasks
lod	1.13c	Fog.dll	10261	gdwInvBitMasks
lod	1.13c	Fog.dll	10266	gfTimeCriticalSections
lod	1.13c	Fog.dll	10267	gqwCriticalSectionTimer
lod	1.13d	Fog.dll	10168	PERFORMANCE_ACCUMULATOR
lod	1.13d	Fog.dll	10169	PERFORMANCE_ACCUMULATOR_INDEX
lod	1.13d	Fog.dll	10256	PERFORMANCE_FREQUENCY_TICKS_PER_MICROSEC
lod	1.13d	Fog.dll	10257	PERFORMANCE_FREQUENCY_TICKS_PER_MILLISEC
lod	1.13d	Fog.dll	10258	gcsCriticalSectionTimer
lod	1.13d	Fog.dll	10259	gdwBitMasks
lod	1.13d	Fog.dll	10261	gdwInvBitMasks
lod	1.13d	Fog.dll	10266	gfTimeCriticalSections
lod	1.13d	Fog.dll	10267	gqwCriticalSectionTimer
classic	1.14a	Game.exe	1	??4BNGatewayAccess@@QAEAAV0@ABV0@@Z
classic	1.14a	Game.exe	2	?CurGateway@BNGatewayAccess@@QAGHXZ
classic	1.14a	Game.exe	3	?DNS@BNGatewayAccess@@QAGPBDH@Z
classic	1.14a	Game.exe	4	?FindKey@BNGatewayAccess@@AAEPADPADPBD@Z
classic	1.14a	Game.exe	5	?FindSection@BNGatewayAccess@@AAEPADPADPBD@Z
classic	1.14a	Game.exe	6	?GMT@BNGatewayAccess@@QAGHH@Z
classic	1.14a	Game.exe	7	?GetBattlenetGatewayList@BNGatewayAccess@@AAEXXZ
classic	1.14a	Game.exe	8	?GetBattlenetRealmsList@BNGatewayAccess@@AAEXXZ
classic	1.14a	Game.exe	9	?GetGatewayList@BNGatewayAccess@@AAEXPBD@Z
classic	1.14a	Game.exe	10	?GetSystemTimeZone@BNGatewayAccess@@AAEHXZ
classic	1.14a	Game.exe	11	?Load@BNGatewayAccess@@QAGXXZ
classic	1.14a	Game.exe	12	?Name@BNGatewayAccess@@QAGPBDH@Z
classic	1.14a	Game.exe	13	?Nth@BNGatewayAccess@@AAEPBDH@Z
classic	1.14a	Game.exe	14	?NumGateways@BNGatewayAccess@@QAGHXZ
classic	1.14a	Game.exe	15	?PickClosestZone@BNGatewayAccess@@AAEXH@Z
classic	1.14a	Game.exe	16	?Realm@BNGatewayAccess@@QAGPBDH@Z
classic	1.14a	Game.exe	17	?SaveAndUnload@BNGatewayAccess@@QAGXXZ
classic	1.14a	Game.exe	18	?SetCurGateway@BNGatewayAccess@@QAGXH@Z
classic	1.14a	Game.exe	19	?SkipEOL@BNGatewayAccess@@AAEPADPAD0@Z
classic	1.14a	Game.exe	20	?SkipToEOL@BNGatewayAccess@@AAEPADPAD0@Z
classic	1.14a	Game.exe	21	?UpdateGatewaysFromIni@BNGatewayAccess@@QAGXPAD@Z
classic	1.14a	Game.exe	22	?WriteDefaultGatewayList@BNGatewayAccess@@AAEXXZ
classic	1.14a	Game.exe	23	?rInitialWindowRect@@3UtagRECT@@A
classic	1.14b	Game.exe	1	??4BNGatewayAccess@@QAEAAV0@ABV0@@Z
classic	1.14b	Game.exe	2	?CurGateway@BNGatewayAccess@@QAGHXZ
classic	1.14b	Game.exe	3	?DNS@BNGatewayAccess@@QAGPBDH@Z
classic	1.14b	Game.exe	4	?FindKey@BNGatewayAccess@@AAEPADPADPBD@Z
classic	1.14b	Game.exe	5	?FindSection@BNGatewayAccess@@AAEPADPADPBD@Z
classic	1.14b	Game.exe	6	?GMT@BNGatewayAccess@@QAGHH@Z
classic	1.14b	Game.exe	7	?GetBattlenetGatewayList@BNGatewayAccess@@AAEXXZ
classic	1.14b	Game.exe	8	?GetBattlenetRealmsList@BNGatewayAccess@@AAEXXZ
classic	1.14b	Game.exe	9	?GetGatewayList@BNGatewayAccess@@AAEXPBD@Z
classic	1.14b	Game.exe	10	?GetSystemTimeZone@BNGatewayAccess@@AAEHXZ
classic	1.14b	Game.exe	11	?Load@BNGatewayAccess@@QAGXXZ
classic	1.14b	Game.exe	12	?Name@BNGatewayAccess@@QAGPBDH@Z
classic	1.14b	Game.exe	13	?Nth@BNGatewayAccess@@AAEPBDH@Z
classic	1.14b	Game.exe	14	?NumGateways@BNGatewayAccess@@QAGHXZ
classic	1.14b	Game.exe	15	?PickClosestZone@BNGatewayAccess@@AAEXH@Z
classic	1.14b	Game.exe	16	?Realm@BNGatewayAccess@@QAGPBDH@Z
classic	1.14b	Game.exe	17	?SaveAndUnload@BNGatewayAccess@@QAGXXZ
classic	1.14b	Game.exe	18	?SetCurGateway@BNGatewayAccess@@QAGXH@Z
classic	1.14b	Game.exe	19	?SkipEOL@BNGatewayAccess@@AAEPADPAD0@Z
classic	1.14b	Game.exe	20	?SkipToEOL@BNGatewayAccess@@AAEPADPAD0@Z
classic	1.14b	Game.exe	21	?UpdateGatewaysFromIni@BNGatewayAccess@@QAGXPAD@Z
classic	1.14b	Game.exe	22	?WriteDefaultGatewayList@BNGatewayAccess@@AAEXXZ
classic	1.14b	Game.exe	23	?rInitialWindowRect@@3UtagRECT@@A
classic	1.14c	Game.exe	1	??4BNGatewayAccess@@QAEAAV0@ABV0@@Z
classic	1.14c	Game.exe	2	?CurGateway@BNGatewayAccess@@QAGHXZ
classic	1.14c	Game.exe	3	?DNS@BNGatewayAccess@@QAGPBDH@Z
classic	1.14c	Game.exe	4	?FindKey@BNGatewayAccess@@AAEPADPADPBD@Z
classic	1.14c	Game.exe	5	?FindSection@BNGatewayAccess@@AAEPADPADPBD@Z
classic	1.14c	Game.exe	6	?GMT@BNGatewayAccess@@QAGHH@Z
classic	1.14c	Game.exe	7	?GetBattlenetGatewayList@BNGatewayAccess@@AAEXXZ
classic	1.14c	Game.exe	8	?GetBattlenetRealmsList@BNGatewayAccess@@AAEXXZ
classic	1.14c	Game.exe	9	?GetGatewayList@BNGatewayAccess@@AAEXPBD@Z
classic	1.14c	Game.exe	10	?GetSystemTimeZone@BNGatewayAccess@@AAEHXZ
classic	1.14c	Game.exe	11	?Load@BNGatewayAccess@@QAGXXZ
classic	1.14c	Game.exe	12	?Name@BNGatewayAccess@@QAGPBDH@Z
classic	1.14c	Game.exe	13	?Nth@BNGatewayAccess@@AAEPBDH@Z
classic	1.14c	Game.exe	14	?NumGateways@BNGatewayAccess@@QAGHXZ
classic	1.14c	Game.exe	15	?PickClosestZone@BNGatewayAccess@@AAEXH@Z
classic	1.14c	Game.exe	16	?Realm@BNGatewayAccess@@QAGPBDH@Z
classic	1.14c	Game.exe	17	?SaveAndUnload@BNGatewayAccess@@QAGXXZ
classic	1.14c	Game.exe	18	?SetCurGateway@BNGatewayAccess@@QAGXH@Z
classic	1.14c	Game.exe	19	?SkipEOL@BNGatewayAccess@@AAEPADPAD0@Z
classic	1.14c	Game.exe	20	?SkipToEOL@BNGatewayAccess@@AAEPADPAD0@Z
classic	1.14c	Game.exe	21	?UpdateGatewaysFromIni@BNGatewayAccess@@QAGXPAD@Z
classic	1.14c	Game.exe	22	?WriteDefaultGatewayList@BNGatewayAccess@@AAEXXZ
classic	1.14c	Game.exe	23	?rInitialWindowRect@@3UtagRECT@@A
classic	1.14d	Game.exe	1	??4BNGatewayAccess@@QAEAAV0@ABV0@@Z
classic	1.14d	Game.exe	2	?CurGateway@BNGatewayAccess@@QAGHXZ
classic	1.14d	Game.exe	3	?DNS@BNGatewayAccess@@QAGPBDH@Z
classic	1.14d	Game.exe	4	?FindKey@BNGatewayAccess@@AAEPADPADPBD@Z
classic	1.14d	Game.exe	5	?FindSection@BNGatewayAccess@@AAEPADPADPBD@Z
classic	1.14d	Game.exe	6	?GMT@BNGatewayAccess@@QAGHH@Z
classic	1.14d	Game.exe	7	?GetBattlenetGatewayList@BNGatewayAccess@@AAEXXZ
classic	1.14d	Game.exe	8	?GetBattlenetRealmsList@BNGatewayAccess@@AAEXXZ
classic	1.14d	Game.exe	9	?GetGatewayList@BNGatewayAccess@@AAEXPBD@Z
classic	1.14d	Game.exe	10	?GetSystemTimeZone@BNGatewayAccess@@AAEHXZ
classic	1.14d	Game.exe	11	?Load@BNGatewayAccess@@QAGXXZ
classic	1.14d	Game.exe	12	?Name@BNGatewayAccess@@QAGPBDH@Z
classic	1.14d	Game.exe	13	?Nth@BNGatewayAccess@@AAEPBDH@Z
classic	1.14d	Game.exe	14	?NumGateways@BNGatewayAccess@@QAGHXZ
classic	1.14d	Game.exe	15	?PickClosestZone@BNGatewayAccess@@AAEXH@Z
classic	1.14d	Game.exe	16	?Realm@BNGatewayAccess@@QAGPBDH@Z
classic	1.14d	Game.exe	17	?SErrSetBlizzardErrorFunction@@YIXP6IXPBD0QAPBDII_N@Z@Z
classic	1.14d	Game.exe	18	?SaveAndUnload@BNGatewayAccess@@QAGXXZ
classic	1.14d	Game.exe	19	?SetCurGateway@BNGatewayAccess@@QAGXH@Z
classic	1.14d	Game.exe	20	?SkipEOL@BNGatewayAccess@@AAEPADPAD0@Z
classic	1.14d	Game.exe	21	?SkipToEOL@BNGatewayAccess@@AAEPADPAD0@Z
classic	1.14d	Game.exe	22	?UpdateGatewaysFromIni@BNGatewayAccess@@QAGXPAD@Z
classic	1.14d	Game.exe	23	?WriteDefaultGatewayList@BNGatewayAccess@@AAEXXZ
classic	1.14d	Game.exe	24	?rInitialWindowRect@@3UtagRECT@@A
lod	1.14a	Game.exe	1	??4BNGatewayAccess@@QAEAAV0@ABV0@@Z
lod	1.14a	Game.exe	2	?CurGateway@BNGatewayAccess@@QAGHXZ
lod	1.14a	Game.exe	3	?DNS@BNGatewayAccess@@QAGPBDH@Z
lod	1.14a	Game.exe	4	?FindKey@BNGatewayAccess@@AAEPADPADPBD@Z
lod	1.14a	Game.exe	5	?FindSection@BNGatewayAccess@@AAEPADPADPBD@Z
lod	1.14a	Game.exe	6	?GMT@BNGatewayAccess@@QAGHH@Z
lod	1.14a	Game.exe	7	?GetBattlenetGatewayList@BNGatewayAccess@@AAEXXZ
lod	1.14a	Game.exe	8	?GetBattlenetRealmsList@BNGatewayAccess@@AAEXXZ
lod	1.14a	Game.exe	9	?GetGatewayList@BNGatewayAccess@@AAEXPBD@Z
lod	1.14a	Game.exe	10	?GetSystemTimeZone@BNGatewayAccess@@AAEHXZ
lod	1.14a	Game.exe	11	?Load@BNGatewayAccess@@QAGXXZ
lod	1.14a	Game.exe	12	?Name@BNGatewayAccess@@QAGPBDH@Z
lod	1.14a	Game.exe	13	?Nth@BNGatewayAccess@@AAEPBDH@Z
lod	1.14a	Game.exe	14	?NumGateways@BNGatewayAccess@@QAGHXZ
lod	1.14a	Game.exe	15	?PickClosestZone@BNGatewayAccess@@AAEXH@Z
lod	1.14a	Game.exe	16	?Realm@BNGatewayAccess@@QAGPBDH@Z
lod	1.14a	Game.exe	17	?SaveAndUnload@BNGatewayAccess@@QAGXXZ
lod	1.14a	Game.exe	18	?SetCurGateway@BNGatewayAccess@@QAGXH@Z
lod	1.14a	Game.exe	19	?SkipEOL@BNGatewayAccess@@AAEPADPAD0@Z
lod	1.14a	Game.exe	20	?SkipToEOL@BNGatewayAccess@@AAEPADPAD0@Z
lod	1.14a	Game.exe	21	?UpdateGatewaysFromIni@BNGatewayAccess@@QAGXPAD@Z
lod	1.14a	Game.exe	22	?WriteDefaultGatewayList@BNGatewayAccess@@AAEXXZ
lod	1.14a	Game.exe	23	?rInitialWindowRect@@3UtagRECT@@A
lod	1.14b	Game.exe	1	??4BNGatewayAccess@@QAEAAV0@ABV0@@Z
lod	1.14b	Game.exe	2	?CurGateway@BNGatewayAccess@@QAGHXZ
lod	1.14b	Game.exe	3	?DNS@BNGatewayAccess@@QAGPBDH@Z
lod	1.14b	Game.exe	4	?FindKey@BNGatewayAccess@@AAEPADPADPBD@Z
lod	1.14b	Game.exe	5	?FindSection@BNGatewayAccess@@AAEPADPADPBD@Z
lod	1.14b	Game.exe	6	?GMT@BNGatewayAccess@@QAGHH@Z
lod	1.14b	Game.exe	7	?GetBattlenetGatewayList@BNGatewayAccess@@AAEXXZ
lod	1.14b	Game.exe	8	?GetBattlenetRealmsList@BNGatewayAccess@@AAEXXZ
lod	1.14b	Game.exe	9	?GetGatewayList@BNGatewayAccess@@AAEXPBD@Z
lod	1.14b	Game.exe	10	?GetSystemTimeZone@BNGatewayAccess@@AAEHXZ
lod	1.14b	Game.exe	11	?Load@BNGatewayAccess@@QAGXXZ
lod	1.14b	Game.exe	12	?Name@BNGatewayAccess@@QAGPBDH@Z
lod	1.14b	Game.exe	13	?Nth@BNGatewayAccess@@AAEPBDH@Z
lod	1.14b	Game.exe	14	?NumGateways@BNGatewayAccess@@QAGHXZ
lod	1.14b	Game.exe	15	?PickClosestZone@BNGatewayAccess@@AAEXH@Z
lod	1.14b	Game.exe	16	?Realm@BNGatewayAccess@@QAGPBDH@Z
lod	1.14b	Game.exe	17	?SaveAndUnload@BNGatewayAccess@@QAGXXZ
lod	1.14b	Game.exe	18	?SetCurGateway@BNGatewayAccess@@QAGXH@Z
lod	1.14b	Game.exe	19	?SkipEOL@BNGatewayAccess@@AAEPADPAD0@Z
lod	1.14b	Game.exe	20	?SkipToEOL@BNGatewayAccess@@AAEPADPAD0@Z
lod	1.14b	Game.exe	21	?UpdateGatewaysFromIni@BNGatewayAccess@@QAGXPAD@Z
lod	1.14b	Game.exe	22	?WriteDefaultGatewayList@BNGatewayAccess@@AAEXXZ
lod	1.14b	Game.exe	23	?rInitialWindowRect@@3UtagRECT@@A
lod	1.14c	Game.exe	1	??4BNGatewayAccess@@QAEAAV0@ABV0@@Z
lod	1.14c	Game.exe	2	?CurGateway@BNGatewayAccess@@QAGHXZ
lod	1.14c	Game.exe	3	?DNS@BNGatewayAccess@@QAGPBDH@Z
lod	1.14c	Game.exe	4	?FindKey@BNGatewayAccess@@AAEPADPADPBD@Z
lod	1.14c	Game.exe	5	?FindSection@BNGatewayAccess@@AAEPADPADPBD@Z
lod	1.14c	Game.exe	6	?GMT@BNGatewayAccess@@QAGHH@Z
lod	1.14c	Game.exe	7	?GetBattlenetGatewayList@BNGatewayAccess@@AAEXXZ
lod	1.14c	Game.exe	8	?GetBattlenetRealmsList@BNGatewayAccess@@AAEXXZ
lod	1.14c	Game.exe	9	?GetGatewayList@BNGatewayAccess@@AAEXPBD@Z
lod	1.14c	Game.exe	10	?GetSystemTimeZone@BNGatewayAccess@@AAEHXZ
lod	1.14c	Game.exe	11	?Load@BNGatewayAccess@@QAGXXZ
lod	1.14c	Game.exe	12	?Name@BNGatewayAccess@@QAGPBDH@Z
lod	1.14c	Game.exe	13	?Nth@BNGatewayAccess@@AAEPBDH@Z
lod	1.14c	Game.exe	14	?NumGateways@BNGatewayAccess@@QAGHXZ
lod	1.14c	Game.exe	15	?PickClosestZone@BNGatewayAccess@@AAEXH@Z
lod	1.14c	Game.exe	16	?Realm@BNGatewayAccess@@QAGPBDH@Z
lod	1.14c	Game.exe	17	?SaveAndUnload@BNGatewayAccess@@QAGXXZ
lod	1.14c	Game.exe	18	?SetCurGateway@BNGatewayAccess@@QAGXH@Z
lod	1.14c	Game.exe	19	?SkipEOL@BNGatewayAccess@@AAEPADPAD0@Z
lod	1.14c	Game.exe	20	?SkipToEOL@BNGatewayAccess@@AAEPADPAD0@Z
lod	1.14c	Game.exe	21	?UpdateGatewaysFromIni@BNGatewayAccess@@QAGXPAD@Z
lod	1.14c	Game.exe	22	?WriteDefaultGatewayList@BNGatewayAccess@@AAEXXZ
lod	1.14c	Game.exe	23	?rInitialWindowRect@@3UtagRECT@@A
lod	1.14d	Game.exe	1	??4BNGatewayAccess@@QAEAAV0@ABV0@@Z
lod	1.14d	Game.exe	2	?CurGateway@BNGatewayAccess@@QAGHXZ
lod	1.14d	Game.exe	3	?DNS@BNGatewayAccess@@QAGPBDH@Z
lod	1.14d	Game.exe	4	?FindKey@BNGatewayAccess@@AAEPADPADPBD@Z
lod	1.14d	Game.exe	5	?FindSection@BNGatewayAccess@@AAEPADPADPBD@Z
lod	1.14d	Game.exe	6	?GMT@BNGatewayAccess@@QAGHH@Z
lod	1.14d	Game.exe	7	?GetBattlenetGatewayList@BNGatewayAccess@@AAEXXZ
lod	1.14d	Game.exe	8	?GetBattlenetRealmsList@BNGatewayAccess@@AAEXXZ
lod	1.14d	Game.exe	9	?GetGatewayList@BNGatewayAccess@@AAEXPBD@Z
lod	1.14d	Game.exe	10	?GetSystemTimeZone@BNGatewayAccess@@AAEHXZ
lod	1.14d	Game.exe	11	?Load@BNGatewayAccess@@QAGXXZ
lod	1.14d	Game.exe	12	?Name@BNGatewayAccess@@QAGPBDH@Z
lod	1.14d	Game.exe	13	?Nth@BNGatewayAccess@@AAEPBDH@Z
lod	1.14d	Game.exe	14	?NumGateways@BNGatewayAccess@@QAGHXZ
lod	1.14d	Game.exe	15	?PickClosestZone@BNGatewayAccess@@AAEXH@Z
lod	1.14d	Game.exe	16	?Realm@BNGatewayAccess@@QAGPBDH@Z
lod	1.14d	Game.exe	17	?SErrSetBlizzardErrorFunction@@YIXP6IXPBD0QAPBDII_N@Z@Z
lod	1.14d	Game.exe	18	?SaveAndUnload@BNGatewayAccess@@QAGXXZ
lod	1.14d	Game.exe	19	?SetCurGateway@BNGatewayAccess@@QAGXH@Z
lod	1.14d	Game.exe	20	?SkipEOL@BNGatewayAccess@@AAEPADPAD0@Z
lod	1.14d	Game.exe	21	?SkipToEOL@BNGatewayAccess@@AAEPADPAD0@Z
lod	1.14d	Game.exe	22	?UpdateGatewaysFromIni@BNGatewayAccess@@QAGXPAD@Z
lod	1.14d	Game.exe	23	?WriteDefaultGatewayList@BNGatewayAccess@@AAEXXZ
lod	1.14d	Game.exe	24	?rInitialWindowRect@@3UtagRECT@@A
classic	1.00	Keyhook.dll	1	InstallKeyboardHook
classic	1.00	Keyhook.dll	2	UninstallKeyboardHook
lod	1.07_Beta	Keyhook.dll	1	InstallKeyboardHook
lod	1.07_Beta	Keyhook.dll	2	UninstallKeyboardHook
lod	1.07_Beta	TelnetD.dll	1	TelnetSendString
lod	1.07_Beta	TelnetD.dll	2	TelnetStart
lod	1.07_Beta	TelnetD.dll	3	TelnetStop
